<?xml version="1.0"?>
<doc>
    <assembly>
        <name>MtG</name>
    </assembly>
    <members>
        <member name="T:Gungeon.Bootstrap.ILoader">
            <summary>
            Represents a Loader for mods, can be passed into <see cref="M:Gungeon.Bootstrap.ModLoader.CreateGlobal(System.String,Gungeon.Bootstrap.ILoader)"/> for customization of loading.
            </summary>
        </member>
        <member name="M:Gungeon.Bootstrap.ILoader.HandleLoad(System.String)">
            <summary>
            This is second in line to be called.
            </summary>
            <param name="modsFolder">The mods folder passed in from the <see cref="T:Gungeon.Bootstrap.ModLoader"/></param>
        </member>
        <member name="M:Gungeon.Bootstrap.ILoader.HandleConsole">
            <summary>
            This is first in line to be called, please make your own Console or use the <see cref="M:Gungeon.Bootstrap.DefaultConsole.Open"/> for best results.
            </summary>
        </member>
        <member name="M:Gungeon.Bootstrap.ILoader.FinishLoad">
            <summary>
            Called third in line, finish loading and clean up any mess you've made in <see cref="M:Gungeon.Bootstrap.ILoader.HandleConsole"/> and <seealso cref="M:Gungeon.Bootstrap.ILoader.HandleLoad(System.String)"/>
            </summary>
        </member>
        <member name="T:Gungeon.Bootstrap.ModLoader">
            <summary>
            A global mod loader, called by the boostrap, the middle man of the <see cref="T:Gungeon.Bootstrap.ILoader"/>
            </summary>
        </member>
        <member name="M:Gungeon.Bootstrap.ModLoader.CreateGlobal(System.String,Gungeon.Bootstrap.ILoader)">
            <summary>
            Creates or sets the new global loader.
            </summary>
            <param name="mods">Mods folder</param>
            <param name="loader">How to load</param>
            <returns></returns>
        </member>
        <member name="M:Gungeon.Bootstrap.ModLoader.GetGlobal">
            <summary>
            Get the global ModLoader
            </summary>
            <returns></returns>
        </member>
        <member name="P:Gungeon.Bootstrap.ModLoader.ModsFolder">
            <summary>
            The mods folder
            </summary>
        </member>
        <member name="T:Gungeon.Bootstrap.DefaultLoader">
            <summary>
            A default loader.
            </summary>
        </member>
        <member name="M:Gungeon.Bootstrap.DefaultLoader.FinishLoad">
            <summary>
            Refer to <see cref="M:Gungeon.Bootstrap.ILoader.FinishLoad"/>
            </summary>
        </member>
        <member name="M:Gungeon.Bootstrap.DefaultLoader.HandleConsole">
            <summary>
            Refer to <see cref="M:Gungeon.Bootstrap.ILoader.HandleConsole"/>
            </summary>
        </member>
        <member name="M:Gungeon.Bootstrap.DefaultLoader.HandleLoad(System.String)">
            <summary>
            Refer to <see cref="M:Gungeon.Bootstrap.ILoader.HandleLoad(System.String)"/>
            </summary>
        </member>
        <member name="T:Gungeon.Bootstrap.Plugin">
            <summary>
            Represents a plugin, loads before all mods. Allows you to change the loader and mods however you would like.
            </summary>
        </member>
        <member name="M:Gungeon.Bootstrap.Plugin.Load">
            <summary>
            Called before any Mod loading or patching done by the <see cref="T:Gungeon.Bootstrap.Boot"/>
            </summary>
        </member>
        <member name="T:Gungeon.Events.GungeonDelegates">
            <summary>
            Delegates for events that happen in Enter the Gungeon.
            </summary>
        </member>
        <member name="T:Gungeon.Events.GungeonDelegates.GunChange">
            <summary>
            
            </summary>
            <param name="player"></param>
            <param name="previous"></param>
            <param name="current"></param>
            <param name="previousSecondary"></param>
            <param name="currentSecondary"></param>
            <param name="newGun"></param>
        </member>
        <member name="T:Gungeon.Events.GungeonDelegates.RoomClear">
            <summary>
            
            </summary>
            <param name="player"></param>
        </member>
        <member name="T:Gungeon.Events.GungeonDelegates.RoomEnter">
            <summary>
            
            </summary>
            <param name="player"></param>
            <param name="room"></param>
        </member>
        <member name="T:Gungeon.Events.GungeonDelegates.PlayerDidDamage">
            <summary>
            
            </summary>
            <param name="player"></param>
            <param name="dmg"></param>
            <param name="wasFatal"></param>
            <param name="enemy"></param>
        </member>
        <member name="T:Gungeon.Events.GungeonDelegates.PlayerLostArmor">
            <summary>
            
            </summary>
            <param name="player"></param>
        </member>
        <member name="T:Gungeon.Events.GungeonDelegates.GunAddedToInventory">
            <summary>
            
            </summary>
            <param name="inventory"></param>
            <param name="gun"></param>
            <param name="makeActive"></param>
        </member>
        <member name="T:Gungeon.Events.GungeonDelegates.PlayerDamaged">
            <summary>
            
            </summary>
            <param name="player"></param>
            <param name="resultValue"></param>
            <param name="maxValue"></param>
            <param name="damangeTypes"></param>
            <param name="damageCategory"></param>
            <param name="damageDirection"></param>
            <returns></returns>
        </member>
        <member name="T:Gungeon.Events.GungeonDelegates.OnProjectileShot">
            <summary>
            
            </summary>
            <param name="projectile"></param>
            <param name="belongsToPlayer"></param>
        </member>
        <member name="T:Gungeon.Events.GungeonDelegates.WhileMoving">
            <summary>
            
            </summary>
            <param name="projectile"></param>
            <param name="belongsToPlayer"></param>
        </member>
        <member name="T:Gungeon.Events.GungeonDelegates.OnProjectileHit">
            <summary>
            
            </summary>
            <param name="projectile"></param>
            <param name="lcr"></param>
            <param name="allowActorSpawns"></param>
            <param name="allowProjectileSpawns"></param>
            <param name="belongsToPlayer"></param>
        </member>
        <member name="T:Gungeon.Debug.Logger">
            <summary>
            A class for logging events in your mod.
            </summary>
        </member>
        <member name="M:Gungeon.Debug.Logger.Format(System.String,System.String)">
            <summary>
            Format the message you would like to send.
            </summary>
            <param name="msgType"></param>
            <param name="msg"></param>
            <returns></returns>
        </member>
        <member name="M:Gungeon.Debug.Logger.Log(System.Object,System.ConsoleColor)">
            <summary>
            Basic log, choose your color
            </summary>
            <param name="msg">The message you would like to print</param>
            <param name="color">Foreground color</param>
        </member>
        <member name="M:Gungeon.Debug.Logger.LogWarning(System.Object)">
            <summary>
            Warning Log, Yellow foreground, 'warning' msg type
            </summary>
            <param name="msg">The message you would like to print</param>
        </member>
        <member name="M:Gungeon.Debug.Logger.LogError(System.Object)">
            <summary>
            Warning Log, Red foreground, 'error' msg type
            </summary>
            <param name="msg">The message you would like to print</param>
        </member>
        <member name="M:Gungeon.Debug.Logger.LogUnformatted(System.Object,System.Boolean,System.ConsoleColor)">
            <summary>
            Log an unformatted msg, which you can include <paramref name="withTime"/>
            </summary>
            <param name="msg">Print</param>
            <param name="withTime">Time Format</param>
            <param name="clr">Color (Foreground)</param>
        </member>
        <member name="T:Gungeon.Mod">
            <summary>
            A class that all Mods inherit
            </summary>
        </member>
        <member name="M:Gungeon.Mod.Load(Gungeon.Mod.Info)">
            <summary>
            Called on Mod load.
            </summary>
            <param name="info">Information about the mod</param>
        </member>
        <member name="T:Gungeon.Mod.Info">
            <summary>
            Info about a mod
            </summary>
        </member>
        <member name="M:Gungeon.Mod.Info.#ctor(System.String,System.String,System.String,System.String)">
            <summary>
            Basic info of your Mod
            </summary>
            <param name="name">Mod name</param>
            <param name="description">Mod description</param>
            <param name="developer">YOU</param>
            <param name="version">Mod's version</param>
        </member>
        <member name="P:Gungeon.Mod.Info.Name">
            <summary>
            Name of the mod
            </summary>
        </member>
        <member name="P:Gungeon.Mod.Info.Description">
            <summary>
            Description of the mod
            </summary>
        </member>
        <member name="P:Gungeon.Mod.Info.Developer">
            <summary>
            Developer of the mod
            </summary>
        </member>
        <member name="P:Gungeon.Mod.Info.Version">
            <summary>
            Version of the mod
            </summary>
        </member>
        <member name="P:Gungeon.Mod.Info.Directory">
            <summary>
            The directory of your mod, relevant to your mod folder.
            </summary>
        </member>
        <member name="M:Gungeon.Mod.Info.ToString">
            <summary>
            
            </summary>
            <returns></returns>
        </member>
        <member name="T:Gungeon.Settings">
            <summary>
            Used for Serializing / Deserializing JSON files.
            </summary>
        </member>
        <member name="M:Gungeon.Settings.Read``1(System.String)">
            <summary>
            Convert JSON to <typeparamref name="T"/>
            </summary>
            <typeparam name="T">Type</typeparam>
            <param name="settings">File path</param>
            <returns></returns>
        </member>
        <member name="M:Gungeon.Settings.Write``1(System.String,``0,Gungeon.Settings.Format)">
            <summary>
            Write Json to a File
            </summary>
            <typeparam name="T">An instance</typeparam>
            <param name="settings">File path</param>
            <param name="instance">An instance</param>
            <param name="format">Format Type</param>
        </member>
        <member name="T:Gungeon.Settings.Format">
            <summary>
            Determines whether to indent or leave Converted Json alone.
            </summary>
        </member>
        <member name="F:Gungeon.Settings.Format.Indent">
            <summary>
            Indented Json, readable
            </summary>
        </member>
        <member name="F:Gungeon.Settings.Format.Line">
            <summary>
            Plain Json in one Line
            </summary>
        </member>
        <member name="M:Gungeon.Settings.Exist(System.String)">
            <summary>
            <see cref="M:System.IO.File.Exists(System.String)"/>
            </summary>
            <param name="path">Path to your file</param>
            <returns></returns>
        </member>
        <member name="T:Gungeon.Utilities.ChestPrefabs">
            <summary>
            A collection of chest in game.
            </summary>
        </member>
        <member name="P:Gungeon.Utilities.ChestPrefabs.A_Chest">
            <summary>
            The 'A' Chest
            </summary>
        </member>
        <member name="P:Gungeon.Utilities.ChestPrefabs.B_Chest">
            <summary>
            The 'B' Chest
            </summary>
        </member>
        <member name="P:Gungeon.Utilities.ChestPrefabs.C_Chest">
            <summary>
            The 'C' Chest
            </summary>
        </member>
        <member name="P:Gungeon.Utilities.ChestPrefabs.D_Chest">
            <summary>
            The 'D' Chest
            </summary>
        </member>
        <member name="P:Gungeon.Utilities.ChestPrefabs.S_Chest">
            <summary>
            The 'S' Chest
            </summary>
        </member>
        <member name="P:Gungeon.Utilities.ChestPrefabs.Synergy_Chest">
            <summary>
            The 'Evil' Chest
            </summary>
        </member>
        <member name="P:Gungeon.Utilities.ChestPrefabs.Rainbow_Chest">
            <summary>
            The 'Rainbow' Chest
            </summary>
        </member>
        <member name="M:Gungeon.Utilities.ChestPrefabs.Quality(Chest)">
            <summary>
            The quality of the chest.
            </summary>
            <param name="chest"></param>
            <returns></returns>
        </member>
        <member name="M:Gungeon.Utilities.ChestPrefabs.Open(Chest,PlayerController)">
            <summary>
            Open a chest
            </summary>
            <param name="chest">Chest to open</param>
            <param name="player">Who opened this chest?</param>
        </member>
        <member name="T:Gungeon.Utilities.Method">
            <summary>
            Represents a reflected method
            </summary>
        </member>
        <member name="P:Gungeon.Utilities.Method.Owner">
            <summary>
            The type this method belongs to
            </summary>
        </member>
        <member name="P:Gungeon.Utilities.Method.Name">
            <summary>
            The name of the method you are reflecting
            </summary>
        </member>
        <member name="P:Gungeon.Utilities.Method.Arguments">
            <summary>
            The Type[] arguments for a specific method.
            </summary>
        </member>
        <member name="M:Gungeon.Utilities.Method.Invoke(System.Object[])">
            <summary>
            Invoke the method
            </summary>
            <param name="args"></param>
            <returns></returns>
        </member>
        <member name="P:Gungeon.Utilities.Method.Item(System.Object[])">
            <summary>
            <see cref="M:Gungeon.Utilities.Method.Invoke(System.Object[])"/>
            </summary>
            <param name="index"></param>
            <returns></returns>
        </member>
        <member name="T:Gungeon.Utilities.ModUtilities">
            <summary>
            Utilities to help with your mod.
            </summary>
        </member>
        <member name="M:Gungeon.Utilities.ModUtilities.LoadAssetArray``1(System.String,System.String[])">
            <summary>
            Load plenty of assets in one go
            </summary>
            <typeparam name="T"><see cref="T:UnityEngine.Object"/></typeparam>
            <param name="assetPath">The path to the asset</param>
            <param name="assetNames">The asset names, can be empty. Uses all asset names</param>
            <returns>An array of Assets</returns>
        </member>
        <member name="M:Gungeon.Utilities.ModUtilities.LoadAsset``1(System.String,System.String)">
            <summary>
            Load a single Asset
            </summary>
            <typeparam name="T"><see cref="T:UnityEngine.Object"/></typeparam>
            <param name="assetPath">The path to the asset</param>
            <param name="assetName">The asset name, can be null. Uses the first asset</param>
            <returns></returns>
        </member>
        <member name="M:Gungeon.Utilities.ModUtilities.LoadAudio(System.String)">
            <summary>
            Load an audio clip from a file. .MP3/.MP2/.OGG/.WAV supported.
            </summary>
            <param name="file"></param>
            <returns></returns>
        </member>
        <member name="M:Gungeon.Utilities.ModUtilities.LoadTexture(System.String,System.Int32,System.Int32)">
            <summary>
            Load either a .jpg or .png
            </summary>
            <param name="file">JPG OR PNG</param>
            <param name="width">Def. 500</param>
            <param name="height">Def. 500</param>
            <returns></returns>
        </member>
        <member name="M:Gungeon.Utilities.ModUtilities.ToSprite(UnityEngine.Texture2D,UnityEngine.Vector2,UnityEngine.Vector2)">
            <summary>
            Convert a <see cref="T:UnityEngine.Texture2D"/> to a <seealso cref="T:UnityEngine.Sprite"/>
            </summary>
            <param name="texture">A loaded texture</param>
            <param name="pos">The position of the sprite.</param>
            <param name="pivot">Sprite's pivot point relative position and size | <seealso cref="T:UnityEngine.Rect"/></param>
            <returns></returns>
        </member>
        <member name="M:Gungeon.Utilities.ModUtilities.Convert(UnityEngine.Vector2)">
            <summary>
            Rounds x and y from your vector into ints then converts to <see cref="T:IntVector2"/>
            </summary>
            <param name="from">Vector</param>
            <returns></returns>
        </member>
        <member name="M:Gungeon.Utilities.ModUtilities.CreateChest(Chest,IntVector2,Dungeonator.RoomHandler,System.Boolean)">
            <summary>
            Create a chest at a position.
            </summary>
            <param name="prefab"><see cref="T:Gungeon.Utilities.ChestPrefabs"/></param>
            <param name="vec">Position at which to spawn the chest, <see cref="M:Gungeon.Utilities.ModUtilities.Convert(UnityEngine.Vector2)"/></param>
            <param name="target">Can be left null, target room to spawn chest</param>
            <param name="forceMimicChest">Force this chest to be a mimic?</param>
            <returns></returns>
        </member>
        <member name="M:Gungeon.Utilities.ModUtilities.SpawnCurrency(UnityEngine.Vector2,System.Int32)">
            <summary>
            Spawn currency at a position
            </summary>
            <param name="position">Position to spawn currency</param>
            <param name="amount">Amount of money</param>
        </member>
        <member name="M:Gungeon.Utilities.ModUtilities.SpawnHearts(UnityEngine.Vector2,System.Int32)">
            <summary>
            Spawn a heart at a position
            </summary>
            <param name="position">Position to spawn hearts</param>
            <param name="halfHearts">For every 2 a full heart is created</param>
        </member>
        <member name="M:Gungeon.Utilities.ModUtilities.SpawnItem(UnityEngine.GameObject,UnityEngine.Vector3,System.Nullable{UnityEngine.Vector2},System.Single,System.Boolean,System.Boolean,System.Boolean,System.Boolean)">
            <summary>
            Spawn an Item, uses <see cref="T:LootEngine"/> internal spawning method.
            </summary>
            <param name="toSpawn">Obj to spawn</param>
            <param name="spawnPos">Where to spawn</param>
            <param name="spawnDir">The direction to spawn, default of <seealso cref="P:UnityEngine.Vector2.up"/></param>
            <param name="force">Force</param>
            <param name="invalidTillHitGround">Invalid till object hits ground?</param>
            <param name="doDefaultItemPoof">Poof?</param>
            <param name="disablePostProcessing">Disable post processing?</param>
            <param name="disableHeightBoost">Disable height boost?</param>
        </member>
        <member name="M:Gungeon.Utilities.ModUtilities.Reload(Gun,System.Boolean,System.Boolean,System.Boolean)">
            <summary>
            Reload a gun
            </summary>
            <param name="gun">Gun to reload</param>
            <param name="isActiveGun">Is the gun active?</param>
            <param name="silent">Silent reload?</param>
            <param name="immediate">Immediately reload gun?</param>
        </member>
        <member name="M:Gungeon.Utilities.ModUtilities.GetItem(System.String,System.Boolean)">
            <summary>
            Get an item by name | <see cref="F:System.StringComparison.OrdinalIgnoreCase"/> is used.
            </summary>
            <param name="name">Item's name</param>
            <param name="byDisplayName">Use display name</param>
            <returns></returns>
        </member>
        <member name="M:Gungeon.Utilities.ModUtilities.GetItem(System.Int32)">
            <summary>
            Get an item via ID.
            </summary>
            <param name="id">Object ID</param>
            <returns></returns>
        </member>
        <member name="M:Gungeon.Utilities.ModUtilities.ID(PickupObject)">
            <summary>
            Get an ID via a object.
            </summary>
            <param name="pickup">Object</param>
            <returns></returns>
        </member>
        <member name="P:Gungeon.Utilities.ModUtilities.AllObjects">
            <summary>
            Every <see cref="T:PickupObject"/> in game, can be added to.
            </summary>
        </member>
        <member name="P:Gungeon.Utilities.ModUtilities.RandomGun">
            <summary>
            A completely random gun, every single time
            </summary>
        </member>
        <member name="P:Gungeon.Utilities.ModUtilities.RandomPassive">
            <summary>
            Get a random passive.
            </summary>
        </member>
        <member name="M:Gungeon.Utilities.ModUtilities.GetRandomGunOfQuality(System.Collections.Generic.List{System.Int32},PickupObject.ItemQuality[])">
            <summary>
            Get a random gun of quality.
            </summary>
            <param name="excludeIDs">Ids to exclude</param>
            <param name="qualities">Gun qualities</param>
            <returns></returns>
        </member>
        <member name="M:Gungeon.Utilities.ModUtilities.GetRandomPassiveOfQuality(System.Collections.Generic.List{System.Int32},PickupObject.ItemQuality[])">
            <summary>
            Get a random passive item of quality
            </summary>
            <param name="excludeIDs"></param>
            <param name="qualities"></param>
            <returns></returns>
        </member>
        <member name="P:Gungeon.Utilities.ModUtilities.AllPlayers">
            <summary>
            All player's playing.
            </summary>
        </member>
        <member name="P:Gungeon.Utilities.ModUtilities.CurrentPlayer">
            <summary>
            The current player, most active.
            </summary>
        </member>
        <member name="P:Gungeon.Utilities.ModUtilities.SecondaryPlayer">
            <summary>
            The secondary player.
            </summary>
        </member>
        <member name="P:Gungeon.Utilities.ModUtilities.MostActivePlayer">
            <summary>
            The most active player
            </summary>
        </member>
        <member name="E:Gungeon.Utilities.ModUtilities.BeforeGunChange">
            <summary>
            Before a player changes their gun. 
            </summary>
        </member>
        <member name="E:Gungeon.Utilities.ModUtilities.AfterGunChange">
            <summary>
            After a player changes their gun. 
            </summary>
        </member>
        <member name="E:Gungeon.Utilities.ModUtilities.BeforeRoomClear">
            <summary>
            Before a player clears a room.
            </summary>
        </member>
        <member name="E:Gungeon.Utilities.ModUtilities.AfterRoomClear">
            <summary>
            After a player clears a room.
            </summary>
        </member>
        <member name="E:Gungeon.Utilities.ModUtilities.BeforeRoomEnter">
            <summary>
            Before a player enters a new room.  
            </summary>
        </member>
        <member name="E:Gungeon.Utilities.ModUtilities.AfterRoomEnter">
            <summary>
            After a player enters a new room.
            </summary>
        </member>
        <member name="E:Gungeon.Utilities.ModUtilities.BeforePlayerDoesDamage">
            <summary>
            Before a player hits a <see cref="T:HealthHaver"/> 
            </summary>
        </member>
        <member name="E:Gungeon.Utilities.ModUtilities.AfterPlayerDoesDamage">
            <summary>
            After a player hits a <see cref="T:HealthHaver"/>.  
            </summary>
        </member>
        <member name="E:Gungeon.Utilities.ModUtilities.BeforePlayerLostArmor">
            <summary>
            Before a player loses their armor 
            </summary>
        </member>
        <member name="E:Gungeon.Utilities.ModUtilities.AfterPlayerLostArmor">
            <summary>
            After a player loses their armor. 
            </summary>
        </member>
        <member name="E:Gungeon.Utilities.ModUtilities.BeforePlayerDamaged">
            <summary>
            Before the player is damaged.
            </summary>
        </member>
        <member name="E:Gungeon.Utilities.ModUtilities.AfterPlayerDamaged">
            <summary>
            After the player is damaged. 
            </summary>
        </member>
        <member name="E:Gungeon.Utilities.ModUtilities.BeforeProjectileHit">
            <summary>
            Before a projectile hits
            </summary>
        </member>
        <member name="E:Gungeon.Utilities.ModUtilities.AfterProjectileHit">
            <summary>
            After a projectile hits
            </summary>
        </member>
        <member name="E:Gungeon.Utilities.ModUtilities.BeforeProjectileShot">
            <summary>
            Before a projectile is shot
            </summary>
        </member>
        <member name="E:Gungeon.Utilities.ModUtilities.AfterProjectileShot">
            <summary>
            After a projectile is shot
            </summary>
        </member>
        <member name="E:Gungeon.Utilities.ModUtilities.BeforeMoving">
            <summary>
            Called while a bullet is moving.
            </summary>
        </member>
        <member name="E:Gungeon.Utilities.ModUtilities.AfterMoving">
            <summary>
            Called while a bullet is moving.
            </summary>
        </member>
        <member name="T:Gungeon.Utilities.ReflectionHandler">
            <summary>
            Extensions for <see cref="T:Gungeon.Utilities.Method"/> and <seealso cref="T:Gungeon.Utilities.Variable"/>
            </summary>
        </member>
        <member name="M:Gungeon.Utilities.ReflectionHandler.GetMethod(System.Object,System.String,System.Type[])">
            <summary>
            Reflect a method; Public, Internal, and or Private.
            </summary>
            <param name="instance">An instance of an object, used for type and invoking.</param>
            <param name="name">Name</param>
            <param name="typeArgs">Arguments in types</param>
            <returns></returns>
        </member>
        <member name="M:Gungeon.Utilities.ReflectionHandler.GetStaticMethod(System.Type,System.String,System.Type[])">
            <summary>
            Reflect a static method; Public, Internal, and or Private.
            </summary>
            <param name="owner">Owner type</param>
            <param name="name">Name</param>
            <param name="typeArgs">Arguments in types</param>
            <returns></returns>
        </member>
        <member name="M:Gungeon.Utilities.ReflectionHandler.GetVariable(System.Object,System.String)">
            <summary>
            Get a field or property by name
            </summary>
            <param name="instance">Object instance</param>
            <param name="name">Name of field or property</param>
            <returns></returns>
        </member>
        <member name="M:Gungeon.Utilities.ReflectionHandler.GetStaticVariable(System.Type,System.String)">
            <summary>
            Get a static field or property by name
            </summary>
            <param name="owner">Static field or property owner</param>
            <param name="name">Name of field or property</param>
            <returns></returns>
        </member>
        <member name="T:Gungeon.Utilities.Variable">
            <summary>
            Reflection that covers both fields and properties.
            </summary>
        </member>
        <member name="P:Gungeon.Utilities.Variable.Name">
            <summary>
            Name of the variable
            </summary>
        </member>
        <member name="P:Gungeon.Utilities.Variable.Owner">
            <summary>
            Owner type
            </summary>
        </member>
        <member name="P:Gungeon.Utilities.Variable.IsField">
            <summary>
            Is this variable a field?
            </summary>
        </member>
        <member name="P:Gungeon.Utilities.Variable.IsProperty">
            <summary>
            Is this variable a property?
            </summary>
        </member>
        <member name="M:Gungeon.Utilities.Variable.GetValue">
            <summary>
            Get the value of a field or property
            </summary>
            <returns></returns>
        </member>
        <member name="M:Gungeon.Utilities.Variable.GetValue``1">
            <summary>
            Get a T type of your <see cref="M:Gungeon.Utilities.Variable.GetValue"/>
            </summary>
            <typeparam name="T">Return type of your field or property</typeparam>
            <returns></returns>
        </member>
        <member name="M:Gungeon.Utilities.Variable.SetValue(System.Object)">
            <summary>
            Set the value of your field or property
            </summary>
            <param name="newVal"></param>
        </member>
    </members>
</doc>
