<?xml version="1.0"?>
<doc>
    <assembly>
        <name>MtG</name>
    </assembly>
    <members>
        <member name="T:Gungeon.Bootstrap.ILoader">
            <summary>
            Represents a Loader for mods, can be passed into <see cref="M:Gungeon.Bootstrap.ModLoader.CreateGlobal(System.String,Gungeon.Bootstrap.ILoader)"/> for customization of loading.
            </summary>
        </member>
        <member name="M:Gungeon.Bootstrap.ILoader.HandleLoad(System.String)">
            <summary>
            This is second in line to be called.
            </summary>
            <param name="modsFolder">The mods folder passed in from the <see cref="T:Gungeon.Bootstrap.ModLoader"/></param>
        </member>
        <member name="M:Gungeon.Bootstrap.ILoader.HandleConsole">
            <summary>
            This is first in line to be called, please make your own Console or use the <see cref="M:Gungeon.Bootstrap.DefaultConsole.Open"/> for best results.
            </summary>
        </member>
        <member name="M:Gungeon.Bootstrap.ILoader.FinishLoad">
            <summary>
            Called third in line, finish loading and clean up any mess you've made in <see cref="M:Gungeon.Bootstrap.ILoader.HandleConsole"/> and <seealso cref="M:Gungeon.Bootstrap.ILoader.HandleLoad(System.String)"/>
            </summary>
        </member>
        <member name="T:Gungeon.Bootstrap.ModLoader">
            <summary>
            A global mod loader, called by the boostrap, the middle man of the <see cref="T:Gungeon.Bootstrap.ILoader"/>
            </summary>
        </member>
        <member name="M:Gungeon.Bootstrap.ModLoader.CreateGlobal(System.String,Gungeon.Bootstrap.ILoader)">
            <summary>
            Creates or sets the new global loader.
            </summary>
            <param name="mods">Mods folder</param>
            <param name="loader">How to load</param>
            <returns></returns>
        </member>
        <member name="M:Gungeon.Bootstrap.ModLoader.GetGlobal">
            <summary>
            Get the global ModLoader
            </summary>
            <returns></returns>
        </member>
        <member name="P:Gungeon.Bootstrap.ModLoader.ModsFolder">
            <summary>
            The mods folder
            </summary>
        </member>
        <member name="T:Gungeon.Bootstrap.DefaultLoader">
            <summary>
            A default loader.
            </summary>
        </member>
        <member name="M:Gungeon.Bootstrap.DefaultLoader.FinishLoad">
            <summary>
            Refer to <see cref="M:Gungeon.Bootstrap.ILoader.FinishLoad"/>
            </summary>
        </member>
        <member name="M:Gungeon.Bootstrap.DefaultLoader.HandleConsole">
            <summary>
            Refer to <see cref="M:Gungeon.Bootstrap.ILoader.HandleConsole"/>
            </summary>
        </member>
        <member name="M:Gungeon.Bootstrap.DefaultLoader.HandleLoad(System.String)">
            <summary>
            Refer to <see cref="M:Gungeon.Bootstrap.ILoader.HandleLoad(System.String)"/>
            </summary>
        </member>
        <member name="T:Gungeon.Events.GungeonDelegates">
            <summary>
            Delegates for events that happen in Enter the Gungeon.
            </summary>
        </member>
        <member name="T:Gungeon.Events.GungeonDelegates.GunChange">
            <summary>
            
            </summary>
            <param name="player"></param>
            <param name="previous"></param>
            <param name="current"></param>
            <param name="previousSecondary"></param>
            <param name="currentSecondary"></param>
            <param name="newGun"></param>
        </member>
        <member name="T:Gungeon.Events.GungeonDelegates.RoomClear">
            <summary>
            
            </summary>
            <param name="player"></param>
        </member>
        <member name="T:Gungeon.Events.GungeonDelegates.RoomEnter">
            <summary>
            
            </summary>
            <param name="player"></param>
            <param name="room"></param>
        </member>
        <member name="T:Gungeon.Events.GungeonDelegates.PlayerDidDamage">
            <summary>
            
            </summary>
            <param name="player"></param>
            <param name="dmg"></param>
            <param name="wasFatal"></param>
            <param name="enemy"></param>
        </member>
        <member name="T:Gungeon.Events.GungeonDelegates.PlayerLostArmor">
            <summary>
            
            </summary>
            <param name="player"></param>
        </member>
        <member name="T:Gungeon.Events.GungeonDelegates.GunAddedToInventory">
            <summary>
            
            </summary>
            <param name="inventory"></param>
            <param name="gun"></param>
            <param name="makeActive"></param>
        </member>
        <member name="T:Gungeon.Events.GungeonDelegates.PlayerDamaged">
            <summary>
            
            </summary>
            <param name="player"></param>
            <param name="resultValue"></param>
            <param name="maxValue"></param>
            <param name="damangeTypes"></param>
            <param name="damageCategory"></param>
            <param name="damageDirection"></param>
            <returns></returns>
        </member>
        <member name="T:Gungeon.Debug.Logger">
            <summary>
            A class for logging events in your mod.
            </summary>
        </member>
        <member name="M:Gungeon.Debug.Logger.Format(System.String,System.String)">
            <summary>
            Format the message you would like to send.
            </summary>
            <param name="msgType"></param>
            <param name="msg"></param>
            <returns></returns>
        </member>
        <member name="M:Gungeon.Debug.Logger.Log(System.Object,System.ConsoleColor)">
            <summary>
            Basic log, choose your color
            </summary>
            <param name="msg">The message you would like to print</param>
            <param name="color">Foreground color</param>
        </member>
        <member name="M:Gungeon.Debug.Logger.LogWarning(System.Object)">
            <summary>
            Warning Log, Yellow foreground, 'warning' msg type
            </summary>
            <param name="msg">The message you would like to print</param>
        </member>
        <member name="M:Gungeon.Debug.Logger.LogError(System.Object)">
            <summary>
            Warning Log, Red foreground, 'error' msg type
            </summary>
            <param name="msg">The message you would like to print</param>
        </member>
        <member name="M:Gungeon.Debug.Logger.LogUnformatted(System.Object,System.Boolean,System.ConsoleColor)">
            <summary>
            Log an unformatted msg, which you can include <paramref name="withTime"/>
            </summary>
            <param name="msg">Print</param>
            <param name="withTime">Time Format</param>
            <param name="clr">Color (Foreground)</param>
        </member>
        <member name="T:Gungeon.Mod">
            <summary>
            A class that all Mods inherit
            </summary>
        </member>
        <member name="M:Gungeon.Mod.Load(Gungeon.Mod.Info)">
            <summary>
            Called on Mod load.
            </summary>
            <param name="info">Information about the mod</param>
        </member>
        <member name="T:Gungeon.Mod.Info">
            <summary>
            Info about a mod
            </summary>
        </member>
        <member name="F:Gungeon.Mod.Info.name">
            <summary>
            Name of the mod
            </summary>
        </member>
        <member name="F:Gungeon.Mod.Info.desc">
            <summary>
            Description of the mod
            </summary>
        </member>
        <member name="F:Gungeon.Mod.Info.dev">
            <summary>
            Developer of the mod
            </summary>
        </member>
        <member name="F:Gungeon.Mod.Info.ver">
            <summary>
            Version of the mod
            </summary>
        </member>
        <member name="P:Gungeon.Mod.Info.Directory">
            <summary>
            The directory of your mod, relevant to your mod folder.
            </summary>
        </member>
        <member name="M:Gungeon.Mod.Info.ToString">
            <summary>
            
            </summary>
            <returns></returns>
        </member>
        <member name="T:Gungeon.Settings">
            <summary>
            Used for Serializing / Deserializing JSON files.
            </summary>
        </member>
        <member name="M:Gungeon.Settings.Read``1(System.String)">
            <summary>
            Convert JSON to <typeparamref name="T"/>
            </summary>
            <typeparam name="T">Type</typeparam>
            <param name="settings">File path</param>
            <returns></returns>
        </member>
        <member name="M:Gungeon.Settings.Write``1(System.String,``0,Gungeon.Settings.Format)">
            <summary>
            Write Json to a File
            </summary>
            <typeparam name="T">An instance</typeparam>
            <param name="settings">File path</param>
            <param name="instance">An instance</param>
            <param name="format">Format Type</param>
        </member>
        <member name="T:Gungeon.Settings.Format">
            <summary>
            Determines whether to indent or leave Converted Json alone.
            </summary>
        </member>
        <member name="F:Gungeon.Settings.Format.Indent">
            <summary>
            Indented Json, readable
            </summary>
        </member>
        <member name="F:Gungeon.Settings.Format.Line">
            <summary>
            Plain Json in one Line
            </summary>
        </member>
        <member name="M:Gungeon.Settings.Exist(System.String)">
            <summary>
            <see cref="M:System.IO.File.Exists(System.String)"/>
            </summary>
            <param name="path">Path to your file</param>
            <returns></returns>
        </member>
        <member name="T:Gungeon.Utilities.Method">
            <summary>
            Represents a reflected method
            </summary>
        </member>
        <member name="P:Gungeon.Utilities.Method.Owner">
            <summary>
            The type this method belongs to
            </summary>
        </member>
        <member name="P:Gungeon.Utilities.Method.Name">
            <summary>
            The name of the method you are reflecting
            </summary>
        </member>
        <member name="P:Gungeon.Utilities.Method.Arguments">
            <summary>
            The Type[] arguments for a specific method.
            </summary>
        </member>
        <member name="M:Gungeon.Utilities.Method.Invoke(System.Object[])">
            <summary>
            Invoke the method
            </summary>
            <param name="args"></param>
            <returns></returns>
        </member>
        <member name="P:Gungeon.Utilities.Method.Item(System.Object[])">
            <summary>
            <see cref="M:Gungeon.Utilities.Method.Invoke(System.Object[])"/>
            </summary>
            <param name="index"></param>
            <returns></returns>
        </member>
        <member name="T:Gungeon.Utilities.ModUtilities">
            <summary>
            Utilities to help with your mod.
            </summary>
        </member>
        <member name="M:Gungeon.Utilities.ModUtilities.LoadAssetArray``1(System.String,System.String[])">
            <summary>
            Load plenty of assets in one go
            </summary>
            <typeparam name="T"><see cref="T:UnityEngine.Object"/></typeparam>
            <param name="assetPath">The path to the asset</param>
            <param name="assetNames">The asset names, can be empty. Uses all asset names</param>
            <returns>An array of Assets</returns>
        </member>
        <member name="M:Gungeon.Utilities.ModUtilities.LoadAsset``1(System.String,System.String)">
            <summary>
            Load a single Asset
            </summary>
            <typeparam name="T"><see cref="T:UnityEngine.Object"/></typeparam>
            <param name="assetPath">The path to the asset</param>
            <param name="assetName">The asset name, can be null. Uses the first asset</param>
            <returns></returns>
        </member>
        <member name="M:Gungeon.Utilities.ModUtilities.LoadAudio(System.String)">
            <summary>
            Load an audio clip from a file. .MP3/.MP2/.OGG/.WAV supported.
            </summary>
            <param name="file"></param>
            <returns></returns>
        </member>
        <member name="M:Gungeon.Utilities.ModUtilities.LoadTexture(System.String,System.Int32,System.Int32)">
            <summary>
            Load either a .jpg or .png
            </summary>
            <param name="file">JPG OR PNG</param>
            <param name="width">Def. 500</param>
            <param name="height">Def. 500</param>
            <returns></returns>
        </member>
        <member name="E:Gungeon.Utilities.ModUtilities.BeforeGunChange">
            <summary>
            Before a player changes their gun. 
            </summary>
        </member>
        <member name="E:Gungeon.Utilities.ModUtilities.AfterGunChange">
            <summary>
            After a player changes their gun. 
            </summary>
        </member>
        <member name="E:Gungeon.Utilities.ModUtilities.BeforeRoomClear">
            <summary>
            Before a player clears a room.
            </summary>
        </member>
        <member name="E:Gungeon.Utilities.ModUtilities.AfterRoomClear">
            <summary>
            After a player clears a room.
            </summary>
        </member>
        <member name="E:Gungeon.Utilities.ModUtilities.BeforeRoomEnter">
            <summary>
            Before a player enters a new room.  
            </summary>
        </member>
        <member name="E:Gungeon.Utilities.ModUtilities.AfterRoomEnter">
            <summary>
            After a player enters a new room.
            </summary>
        </member>
        <member name="E:Gungeon.Utilities.ModUtilities.BeforePlayerDoesDamage">
            <summary>
            Before a player hits a <see cref="T:HealthHaver"/> 
            </summary>
        </member>
        <member name="E:Gungeon.Utilities.ModUtilities.AfterPlayerDoesDamage">
            <summary>
            After a player hits a <see cref="T:HealthHaver"/>.  
            </summary>
        </member>
        <member name="E:Gungeon.Utilities.ModUtilities.BeforePlayerLostArmor">
            <summary>
            Before a player loses their armor 
            </summary>
        </member>
        <member name="E:Gungeon.Utilities.ModUtilities.AfterPlayerLostArmor">
            <summary>
            After a player loses their armor. 
            </summary>
        </member>
        <member name="E:Gungeon.Utilities.ModUtilities.BeforePlayerDamaged">
            <summary>
            Before the player is damaged.
            </summary>
        </member>
        <member name="E:Gungeon.Utilities.ModUtilities.AfterPlayerDamaged">
            <summary>
            After the player is damaged. 
            </summary>
        </member>
        <member name="T:Gungeon.Utilities.ReflectionHandler">
            <summary>
            Extensions for <see cref="T:Gungeon.Utilities.Method"/> and <seealso cref="T:Gungeon.Utilities.Variable"/>
            </summary>
        </member>
        <member name="M:Gungeon.Utilities.ReflectionHandler.GetMethod(System.Object,System.String,System.Type[])">
            <summary>
            Reflect a method; Public, Internal, and or Private.
            </summary>
            <param name="instance">An instance of an object, used for type and invoking.</param>
            <param name="name">Name</param>
            <param name="typeArgs">Arguments in types</param>
            <returns></returns>
        </member>
        <member name="M:Gungeon.Utilities.ReflectionHandler.GetStaticMethod(System.Type,System.String,System.Type[])">
            <summary>
            Reflect a static method; Public, Internal, and or Private.
            </summary>
            <param name="owner">Owner type</param>
            <param name="name">Name</param>
            <param name="typeArgs">Arguments in types</param>
            <returns></returns>
        </member>
        <member name="T:Gungeon.Utilities.Variable">
            <summary>
            Reflection that covers both fields and properties.
            </summary>
        </member>
        <member name="P:Gungeon.Utilities.Variable.Name">
            <summary>
            Name of the variable
            </summary>
        </member>
        <member name="P:Gungeon.Utilities.Variable.Owner">
            <summary>
            Owner type
            </summary>
        </member>
        <member name="P:Gungeon.Utilities.Variable.IsField">
            <summary>
            Is this variable a field?
            </summary>
        </member>
        <member name="P:Gungeon.Utilities.Variable.IsProperty">
            <summary>
            Is this variable a property?
            </summary>
        </member>
        <member name="M:Gungeon.Utilities.Variable.GetValue">
            <summary>
            Get the value of a field or property
            </summary>
            <returns></returns>
        </member>
        <member name="M:Gungeon.Utilities.Variable.GetValue``1">
            <summary>
            Get a T type of your <see cref="M:Gungeon.Utilities.Variable.GetValue"/>
            </summary>
            <typeparam name="T">Return type of your field or property</typeparam>
            <returns></returns>
        </member>
        <member name="M:Gungeon.Utilities.Variable.SetValue(System.Object)">
            <summary>
            Set the value of your field or property
            </summary>
            <param name="newVal"></param>
        </member>
    </members>
</doc>
