<?xml version="1.0"?>
<doc>
    <assembly>
        <name>MtG</name>
    </assembly>
    <members>
        <member name="T:Gungeon.Bootstrap.Boot">
            <summary>
            A simple class that is invoked by the UnityEngine.dll
            </summary>
        </member>
        <member name="P:Gungeon.Bootstrap.Boot.DeveloperModeEnabled">
            <summary>
            Enable the developer mode? Enables a UI to debug different objects. 
            </summary>
            <remarks>Must be enabled in Plugin. Setting to true will create an instance of <see cref="T:UnityExplorer.ExplorerStandalone"/></remarks>
        </member>
        <member name="T:Gungeon.Bootstrap.DefaultConsole">
            <summary>
            The default console
            </summary>
        </member>
        <member name="M:Gungeon.Bootstrap.DefaultConsole.AllocConsole">
            <summary>
            Allocate the console
            </summary>
            <returns></returns>
        </member>
        <member name="M:Gungeon.Bootstrap.DefaultConsole.GetConsoleWindow">
            <summary>
            Get the ptr for the window
            </summary>
            <returns></returns>
        </member>
        <member name="M:Gungeon.Bootstrap.DefaultConsole.ShowWindow(System.IntPtr,System.Int32)">
            <summary>
            Show window
            </summary>
            <param name="win"></param>
            <param name="i"></param>
            <returns></returns>
        </member>
        <member name="M:Gungeon.Bootstrap.DefaultConsole.FreeConsole">
            <summary>
            Free up the console, closes.
            </summary>
            <returns></returns>
        </member>
        <member name="M:Gungeon.Bootstrap.DefaultConsole.Show">
            <summary>
            Show window.
            </summary>
        </member>
        <member name="M:Gungeon.Bootstrap.DefaultConsole.Close">
            <summary>
            Close window
            </summary>
        </member>
        <member name="M:Gungeon.Bootstrap.DefaultConsole.Open">
            <summary>
            Open console, if opened <see cref="M:Gungeon.Bootstrap.DefaultConsole.Show"/> is called
            </summary>
        </member>
        <member name="E:Gungeon.Bootstrap.DefaultConsole.OnConsoleRead">
            <summary>
            When the console is read.
            </summary>
        </member>
        <member name="T:Gungeon.Bootstrap.ParseArgument">
            <summary>
            Parse-able argument.
            </summary>
        </member>
        <member name="F:Gungeon.Bootstrap.ParseArgument.name">
            <summary>
            Only required if <see cref="F:Gungeon.Bootstrap.ParseArgument.dynamic"/> is false. Required for player to type in.
            </summary>
        </member>
        <member name="F:Gungeon.Bootstrap.ParseArgument.dynamic">
            <summary>
            Is this a value? Everchanging value.
            </summary>
        </member>
        <member name="F:Gungeon.Bootstrap.ParseArgument.value">
            <summary>
            Set if is <see cref="F:Gungeon.Bootstrap.ParseArgument.dynamic"/> 
            </summary>
        </member>
        <member name="M:Gungeon.Bootstrap.ParseArgument.Add(System.String,System.Action{System.String[]},Gungeon.Bootstrap.ParseArgument[])">
            <summary>
            Add a command
            </summary>
            <param name="commandName"></param>
            <param name="onCommandExecute"></param>
            <param name="args"></param>
        </member>
        <member name="M:Gungeon.Bootstrap.ParseArgument.Create(System.String)">
            <summary>
            Create a static argument.
            </summary>
            <param name="name"></param>
            <returns></returns>
        </member>
        <member name="M:Gungeon.Bootstrap.ParseArgument.Create">
            <summary>
            Create a dynamic value.
            </summary>
            <returns></returns>
        </member>
        <member name="T:Gungeon.Bootstrap.ILoader">
            <summary>
            Represents a Loader for mods, can be passed into <see cref="M:Gungeon.Bootstrap.ModLoader.CreateGlobal(System.String,Gungeon.Bootstrap.ILoader)"/> for customization of loading.
            </summary>
        </member>
        <member name="M:Gungeon.Bootstrap.ILoader.HandleLoad(System.String)">
            <summary>
            This is second in line to be called.
            </summary>
            <param name="modsFolder">The mods folder passed in from the <see cref="T:Gungeon.Bootstrap.ModLoader"/></param>
        </member>
        <member name="M:Gungeon.Bootstrap.ILoader.HandleConsole">
            <summary>
            This is first in line to be called, please make your own Console or use the <see cref="M:Gungeon.Bootstrap.DefaultConsole.Open"/> for best results.
            </summary>
        </member>
        <member name="M:Gungeon.Bootstrap.ILoader.FinishLoad">
            <summary>
            Called third in line, finish loading and clean up any mess you've made in <see cref="M:Gungeon.Bootstrap.ILoader.HandleConsole"/> and <seealso cref="M:Gungeon.Bootstrap.ILoader.HandleLoad(System.String)"/>
            </summary>
        </member>
        <member name="T:Gungeon.Bootstrap.ModLoader">
            <summary>
            A global mod loader, called by the boostrap, the middle man of the <see cref="T:Gungeon.Bootstrap.ILoader"/>
            </summary>
        </member>
        <member name="M:Gungeon.Bootstrap.ModLoader.CreateGlobal(System.String,Gungeon.Bootstrap.ILoader)">
            <summary>
            Creates or sets the new global loader.
            </summary>
            <param name="mods">Mods folder</param>
            <param name="loader">How to load</param>
            <returns></returns>
        </member>
        <member name="M:Gungeon.Bootstrap.ModLoader.GetGlobal">
            <summary>
            Get the global ModLoader
            </summary>
            <returns></returns>
        </member>
        <member name="P:Gungeon.Bootstrap.ModLoader.ModsFolder">
            <summary>
            The mods folder
            </summary>
        </member>
        <member name="T:Gungeon.Bootstrap.DefaultLoader">
            <summary>
            A default loader.
            </summary>
        </member>
        <member name="M:Gungeon.Bootstrap.DefaultLoader.FinishLoad">
            <summary>
            Refer to <see cref="M:Gungeon.Bootstrap.ILoader.FinishLoad"/>
            </summary>
        </member>
        <member name="M:Gungeon.Bootstrap.DefaultLoader.HandleConsole">
            <summary>
            Refer to <see cref="M:Gungeon.Bootstrap.ILoader.HandleConsole"/>
            </summary>
        </member>
        <member name="M:Gungeon.Bootstrap.DefaultLoader.HandleLoad(System.String)">
            <summary>
            Refer to <see cref="M:Gungeon.Bootstrap.ILoader.HandleLoad(System.String)"/>
            </summary>
        </member>
        <member name="T:Gungeon.Bootstrap.IPlugin">
            <summary>
            Represents a plugin, loads before all mods. Allows you to change the loader and mods however you would like.
            </summary>
        </member>
        <member name="M:Gungeon.Bootstrap.IPlugin.Load">
            <summary>
            Called before any Mod loading or patching done by the <see cref="T:Gungeon.Bootstrap.Boot"/>
            </summary>
        </member>
        <member name="T:Gungeon.Events.GameEvents">
            <summary>
            In game events.
            </summary>
        </member>
        <member name="P:Gungeon.Events.GameEvents.HarmonyPatch">
            <summary>
            The harmony patch for gungeon events.
            </summary>
        </member>
        <member name="E:Gungeon.Events.GameEvents.BeforeGunChange">
            <summary>
            Before a player changes their gun. 
            </summary>
        </member>
        <member name="E:Gungeon.Events.GameEvents.AfterGunChange">
            <summary>
            After a player changes their gun. 
            </summary>
        </member>
        <member name="E:Gungeon.Events.GameEvents.BeforeRoomClear">
            <summary>
            Before a player clears a room.
            </summary>
        </member>
        <member name="E:Gungeon.Events.GameEvents.AfterRoomClear">
            <summary>
            After a player clears a room.
            </summary>
        </member>
        <member name="E:Gungeon.Events.GameEvents.BeforeRoomEnter">
            <summary>
            Before a player enters a new room.  
            </summary>
        </member>
        <member name="E:Gungeon.Events.GameEvents.AfterRoomEnter">
            <summary>
            After a player enters a new room.
            </summary>
        </member>
        <member name="E:Gungeon.Events.GameEvents.BeforeEnemyDamaged">
            <summary>
            Before a player hits a <see cref="T:HealthHaver"/> 
            </summary>
        </member>
        <member name="E:Gungeon.Events.GameEvents.AfterEnemyDamaged">
            <summary>
            After a player hits a <see cref="T:HealthHaver"/>.  
            </summary>
        </member>
        <member name="E:Gungeon.Events.GameEvents.BeforePlayerLostArmor">
            <summary>
            Before a player loses their armor 
            </summary>
        </member>
        <member name="E:Gungeon.Events.GameEvents.AfterPlayerLostArmor">
            <summary>
            After a player loses their armor. 
            </summary>
        </member>
        <member name="E:Gungeon.Events.GameEvents.BeforePlayerDamaged">
            <summary>
            Before the player is damaged.
            </summary>
        </member>
        <member name="E:Gungeon.Events.GameEvents.AfterPlayerDamaged">
            <summary>
            After the player is damaged. 
            </summary>
        </member>
        <member name="E:Gungeon.Events.GameEvents.BeforeProjectileHit">
            <summary>
            Before a projectile hits
            </summary>
        </member>
        <member name="E:Gungeon.Events.GameEvents.AfterProjectileHit">
            <summary>
            After a projectile hits
            </summary>
        </member>
        <member name="E:Gungeon.Events.GameEvents.BeforeProjectileShot">
            <summary>
            Before a projectile is shot
            </summary>
        </member>
        <member name="E:Gungeon.Events.GameEvents.AfterProjectileShot">
            <summary>
            After a projectile is shot
            </summary>
        </member>
        <member name="E:Gungeon.Events.GameEvents.BeforeMoving">
            <summary>
            Called while a bullet is moving.
            </summary>
        </member>
        <member name="E:Gungeon.Events.GameEvents.AfterMoving">
            <summary>
            Called while a bullet is moving.
            </summary>
        </member>
        <member name="E:Gungeon.Events.GameEvents.BeforeEnemyDied">
            <summary>
            Before a enemy has died
            </summary>
        </member>
        <member name="E:Gungeon.Events.GameEvents.AfterEnemyDied">
            <summary>
            After a enemy has died
            </summary>
        </member>
        <member name="E:Gungeon.Events.GameEvents.BeforePassivePickup">
            <summary>
            Before any passive item in game is picked up by a player
            </summary>
        </member>
        <member name="E:Gungeon.Events.GameEvents.AfterPassivePickup">
            <summary>
            After any passive item in game is picked up by a player
            </summary>
        </member>
        <member name="E:Gungeon.Events.GameEvents.BeforeGunPickup">
            <summary>
            Before any gun is picked up
            </summary>
        </member>
        <member name="E:Gungeon.Events.GameEvents.AfterGunPickup">
            <summary>
            After any gun is picked up
            </summary>
        </member>
        <member name="E:Gungeon.Events.GameEvents.BeforeActivePickup">
            <summary>
            Before any active is picked up.
            </summary>
        </member>
        <member name="E:Gungeon.Events.GameEvents.AfterActivePickup">
            <summary>
            After any active is picked up.
            </summary>
        </member>
        <member name="E:Gungeon.Events.GameEvents.BeforeGunAttack">
            <summary>
            Before a gun attacks, from any source.
            </summary>
        </member>
        <member name="E:Gungeon.Events.GameEvents.AfterGunAttack">
            <summary>
            After a gun attacks, from any source.
            </summary>
        </member>
        <member name="E:Gungeon.Events.GameEvents.BeforePassiveDrop">
            <summary>
            Before a passive is dropped
            </summary>
        </member>
        <member name="E:Gungeon.Events.GameEvents.AfterPassiveDrop">
            <summary>
            After a passive is dropped
            </summary>
        </member>
        <member name="E:Gungeon.Events.GameEvents.BeforeGunDrop">
            <summary>
            Before a gun is dropped
            </summary>
        </member>
        <member name="E:Gungeon.Events.GameEvents.AfterGunDrop">
            <summary>
            After a gun is dropped
            </summary>
        </member>
        <member name="E:Gungeon.Events.GameEvents.BeforeActiveDrop">
            <summary>
            Before an active item is dropped
            </summary>
        </member>
        <member name="E:Gungeon.Events.GameEvents.AfterActiveDrop">
            <summary>
            After an active item is dropped
            </summary>
        </member>
        <member name="E:Gungeon.Events.GameEvents.BeforeActiveUse">
            <summary>
            Before an active item is used.
            </summary>
        </member>
        <member name="E:Gungeon.Events.GameEvents.AfterActiveUse">
            <summary>
            After an active item is used.
            </summary>
        </member>
        <member name="T:Gungeon.Events.GungeonDelegates">
            <summary>
            Delegates for events that happen in Enter the Gungeon.
            </summary>
        </member>
        <member name="T:Gungeon.Events.GungeonDelegates.GunChange">
            <summary>
            
            </summary>
            <param name="player"></param>
            <param name="previous"></param>
            <param name="current"></param>
            <param name="previousSecondary"></param>
            <param name="currentSecondary"></param>
            <param name="newGun"></param>
        </member>
        <member name="T:Gungeon.Events.GungeonDelegates.RoomClear">
            <summary>
            
            </summary>
            <param name="player"></param>
        </member>
        <member name="T:Gungeon.Events.GungeonDelegates.RoomEnter">
            <summary>
            
            </summary>
            <param name="player"></param>
            <param name="room"></param>
        </member>
        <member name="T:Gungeon.Events.GungeonDelegates.PlayerDidDamage">
            <summary>
            
            </summary>
            <param name="player"></param>
            <param name="dmg"></param>
            <param name="wasFatal"></param>
            <param name="enemy"></param>
        </member>
        <member name="T:Gungeon.Events.GungeonDelegates.PlayerLostArmor">
            <summary>
            
            </summary>
            <param name="player"></param>
        </member>
        <member name="T:Gungeon.Events.GungeonDelegates.GunAddedToInventory">
            <summary>
            
            </summary>
            <param name="inventory"></param>
            <param name="gun"></param>
            <param name="makeActive"></param>
        </member>
        <member name="T:Gungeon.Events.GungeonDelegates.PlayerDamaged">
            <summary>
            
            </summary>
            <param name="player"></param>
            <param name="resultValue"></param>
            <param name="maxValue"></param>
            <param name="damangeTypes"></param>
            <param name="damageCategory"></param>
            <param name="damageDirection"></param>
            <returns></returns>
        </member>
        <member name="T:Gungeon.Events.GungeonDelegates.OnProjectileShot">
            <summary>
            
            </summary>
            <param name="projectile"></param>
            <param name="belongsToPlayer"></param>
        </member>
        <member name="T:Gungeon.Events.GungeonDelegates.WhileMoving">
            <summary>
            
            </summary>
            <param name="projectile"></param>
            <param name="belongsToPlayer"></param>
        </member>
        <member name="T:Gungeon.Events.GungeonDelegates.OnProjectileHit">
            <summary>
            
            </summary>
            <param name="projectile"></param>
            <param name="lcr"></param>
            <param name="allowActorSpawns"></param>
            <param name="allowProjectileSpawns"></param>
            <param name="belongsToPlayer"></param>
        </member>
        <member name="T:Gungeon.Events.GungeonDelegates.OnEnemyDied">
            <summary>
            
            </summary>
            <param name="enemy"></param>
            <param name="finalDamageDirection"></param> 
        </member>
        <member name="T:Gungeon.Events.GungeonDelegates.OnItemPickup`1">
            <summary>
            For objects that can be picked up.
            </summary>
            <typeparam name="T"></typeparam>
            <param name="item"></param>
            <param name="pickUpUser"></param>
        </member>
        <member name="T:Gungeon.Events.GungeonDelegates.OnPassiveDrop">
            <summary>
            </summary>
            <param name="item"></param>
            <param name="player"></param>
            <param name="droppedItem"></param>
        </member>
        <member name="T:Gungeon.Events.GungeonDelegates.OnGunDrop">
            <summary>
            </summary>
            <param name="gun"></param>
            <param name="dropped"></param>
            <param name="dropHeight"></param>
        </member>
        <member name="T:Gungeon.Events.GungeonDelegates.OnActiveDrop">
            <summary>
            
            </summary>
            <param name="item"></param>
            <param name="player"></param>
            <param name="dropped"></param>
            <param name="overrideForce"></param>
        </member>
        <member name="T:Gungeon.Events.GungeonDelegates.OnGunAttack">
            <summary>
            
            </summary>
            <param name="gun"></param>
            <param name="overrideData"></param>
            <param name="overrideBullet"></param>
            <param name="atkResult"/>
            <param name="isPlayer"/>
        </member>
        <member name="T:Gungeon.Events.GungeonDelegates.OnActiveUse">
            <summary>
            
            </summary>
            <param name="active"></param>
            <param name="user"></param>
        </member>
        <member name="T:Gungeon.Debug.Logger">
            <summary>
            A class for logging events in your mod.
            </summary>
        </member>
        <member name="M:Gungeon.Debug.Logger.Format(System.String,System.String)">
            <summary>
            Format the message you would like to send.
            </summary>
            <param name="msgType"></param>
            <param name="msg"></param>
            <returns></returns>
        </member>
        <member name="M:Gungeon.Debug.Logger.Log(System.Object,System.ConsoleColor)">
            <summary>
            Basic log, choose your color
            </summary>
            <param name="msg">The message you would like to print</param>
            <param name="color">Foreground color</param>
        </member>
        <member name="M:Gungeon.Debug.Logger.LogWarning(System.Object)">
            <summary>
            Warning Log, Yellow foreground, 'warning' msg type
            </summary>
            <param name="msg">The message you would like to print</param>
        </member>
        <member name="M:Gungeon.Debug.Logger.LogError(System.Object)">
            <summary>
            Warning Log, Red foreground, 'error' msg type
            </summary>
            <param name="msg">The message you would like to print</param>
        </member>
        <member name="M:Gungeon.Debug.Logger.LogUnformatted(System.Object,System.String,System.ConsoleColor)">
            <summary>
            Log an unformatted msg, which you can include <paramref name="dll"/>
            </summary>
            <param name="msg">Print</param>
            <param name="dll">Time Format and calling assembly</param>
            <param name="clr">Color (Foreground)</param>
        </member>
        <member name="T:Gungeon.IMod">
            <summary>
            A class that all Mods inherit
            </summary>
        </member>
        <member name="M:Gungeon.IMod.Load(Gungeon.Info)">
            <summary>
            Called on Mod load.
            </summary>
            <param name="info">Information about the mod</param>
        </member>
        <member name="T:Gungeon.Info">
            <summary>
            Info about a mod to load.
            </summary>
        </member>
        <member name="M:Gungeon.Info.#ctor(System.String,System.String,System.String,System.String,System.String)">
            <summary>
            Basic info of your Mod
            </summary>
            <param name="name">Mod name</param>
            <param name="description">Mod description</param>
            <param name="developer">YOU</param>
            <param name="version">Mod's version</param>
            <param name="colorName">The color of your console when loading</param>
        </member>
        <member name="P:Gungeon.Info.Name">
            <summary>
            Name of the mod
            </summary>
        </member>
        <member name="P:Gungeon.Info.Description">
            <summary>
            Description of the mod
            </summary>
        </member>
        <member name="P:Gungeon.Info.Developer">
            <summary>
            Developer of the mod
            </summary>
        </member>
        <member name="P:Gungeon.Info.Version">
            <summary>
            Version of the mod
            </summary>
        </member>
        <member name="P:Gungeon.Info.Directory">
            <summary>
            The directory of your mod, relevant to your mod folder.
            </summary>
        </member>
        <member name="P:Gungeon.Info.WriteColor">
            <summary>
            The console color when writing out your mod.
            </summary>
        </member>
        <member name="M:Gungeon.Info.ToString">
            <summary>
            
            </summary>
            <returns></returns>
        </member>
        <member name="T:Gungeon.Settings">
            <summary>
            Used for Serializing / Deserializing JSON files.
            </summary>
        </member>
        <member name="M:Gungeon.Settings.Read``1(System.String)">
            <summary>
            Convert JSON to <typeparamref name="T"/>
            </summary>
            <typeparam name="T">Type</typeparam>
            <param name="settings">File path</param>
            <returns></returns>
        </member>
        <member name="M:Gungeon.Settings.Write``1(System.String,``0,Gungeon.Settings.Format)">
            <summary>
            Write Json to a File
            </summary>
            <typeparam name="T">An instance</typeparam>
            <param name="settings">File path</param>
            <param name="instance">An instance</param>
            <param name="format">Format Type</param>
        </member>
        <member name="T:Gungeon.Settings.Format">
            <summary>
            Determines whether to indent or leave Converted Json alone.
            </summary>
        </member>
        <member name="F:Gungeon.Settings.Format.Indent">
            <summary>
            Indented Json, readable
            </summary>
        </member>
        <member name="F:Gungeon.Settings.Format.Line">
            <summary>
            Plain Json in one Line
            </summary>
        </member>
        <member name="M:Gungeon.Settings.Exist(System.String)">
            <summary>
            <see cref="M:System.IO.File.Exists(System.String)"/>
            </summary>
            <param name="path">Path to your file</param>
            <returns></returns>
        </member>
        <member name="T:Gungeon.Utilities.BaseActiveModifier">
            <summary>
            Active item modifier
            </summary>
        </member>
        <member name="P:Gungeon.Utilities.BaseActiveModifier.Active">
            <summary>
            The active item
            </summary>
        </member>
        <member name="M:Gungeon.Utilities.BaseActiveModifier.OnPickup(PlayerItem,PlayerController)">
            <summary>
            When the active item is picked up
            </summary>
            <param name="item"></param>
            <param name="player"></param>
        </member>
        <member name="M:Gungeon.Utilities.BaseActiveModifier.OnUse(PlayerItem,PlayerController)">
            <summary>
            When the active item is used
            </summary>
            <param name="item"></param>
            <param name="player"></param>
        </member>
        <member name="M:Gungeon.Utilities.BaseActiveModifier.OnDrop(PlayerItem,PlayerController)">
            <summary>
            When the active item is dropped.
            </summary>
            <param name="item"></param>
            <param name="player"></param>
        </member>
        <member name="T:Gungeon.Utilities.BaseGunModifier">
            <summary>
            For modifying weaponry
            </summary>
        </member>
        <member name="P:Gungeon.Utilities.BaseGunModifier.UserGun">
            <summary>
            The gun to modify.
            </summary>
        </member>
        <member name="P:Gungeon.Utilities.BaseGunModifier.BeingHeld">
            <summary>
            Is this weapon being held?
            </summary>
        </member>
        <member name="P:Gungeon.Utilities.BaseGunModifier.Owner">
            <summary>
            The owner of the current weapon
            </summary>
            <remarks>May be null if <see cref="P:Gungeon.Utilities.BaseGunModifier.BeingHeld"/> is false or if the owner is not of the <seealso cref="T:PlayerController"/> type</remarks>
        </member>
        <member name="M:Gungeon.Utilities.BaseGunModifier.OnDrop(Gun,System.Single@)">
            <summary>
            When the gun is dropped
            </summary>
            <param name="gun"></param>
            <param name="dropHeight"></param>
            <returns></returns>
        </member>
        <member name="M:Gungeon.Utilities.BaseGunModifier.OnPickup(Gun,PlayerController)">
            <summary>
            When the gun is picked up.
            </summary>
            <param name="gun"></param>
            <param name="player"></param>
        </member>
        <member name="M:Gungeon.Utilities.BaseGunModifier.OnFire(Gun,Projectile)">
            <summary>
            When the weapon is fired, only by the player.
            </summary>
            <param name="gun"></param>
            <param name="proj"></param>
        </member>
        <member name="M:Gungeon.Utilities.BaseGunModifier.OnReload(Gun,PlayerController)">
            <summary>
            When the gun is reloaded, manually or automatically.
            </summary>
            <param name="gun"></param>
            <param name="owner"></param>
        </member>
        <member name="T:Gungeon.Utilities.BasePassiveModifier">
            <summary>
            Passive modifier
            </summary>
        </member>
        <member name="P:Gungeon.Utilities.BasePassiveModifier.Passive">
            <summary>
            The passive item
            </summary>
        </member>
        <member name="M:Gungeon.Utilities.BasePassiveModifier.OnPickup(PassiveItem,PlayerController)">
            <summary>
            When the passive item is picked up
            </summary>
            <param name="item"></param>
            <param name="player"></param>
        </member>
        <member name="M:Gungeon.Utilities.BasePassiveModifier.OnDrop(PassiveItem,PlayerController)">
            <summary>
            When the passive item is dropped.
            </summary>
            <param name="item"></param>
            <param name="player"></param>
        </member>
        <member name="T:Gungeon.Utilities.BasePickupModifier">
            <summary>
            Base pickup modifier.
            </summary>
        </member>
        <member name="P:Gungeon.Utilities.BasePickupModifier.Pickup">
            <summary>
            Pickup object
            </summary>
        </member>
        <member name="T:Gungeon.Utilities.LootTableBuilder">
            <summary>
            A builder for Loot Tables.
            </summary>
        </member>
        <member name="M:Gungeon.Utilities.LootTableBuilder.#ctor(System.Collections.Generic.List{GenericLootTable},DungeonPrerequisite[])">
            <summary>
            Create an instance for your table
            </summary>
            <param name="include"></param>
            <param name="prerequisites"></param>
        </member>
        <member name="M:Gungeon.Utilities.LootTableBuilder.PoolItem(System.String,System.Boolean,System.Single,DungeonPrerequisite[])">
            <summary>
            Pool an item from <see cref="M:Gungeon.Utilities.PickupIDs.GetItem(System.String,System.Boolean)"/>
            </summary>
            <param name="name">The display name</param>
            <param name="encounterName">Find by encounter name?</param>
            <param name="weight">Object's weight in table</param>
            <param name="prerequisites">Any prerequisites for this item?</param>
            <returns>The item added to the pool</returns>
        </member>
        <member name="M:Gungeon.Utilities.LootTableBuilder.PoolItem(System.Int32,System.Single,DungeonPrerequisite[])">
            <summary>
            Pool an item from <see cref="M:Gungeon.Utilities.PickupIDs.GetItem(System.Int32)"/>
            </summary>
            <param name="id">The object ID</param>
            <param name="weight">Object's weight in table</param>
            <param name="prerequisites">Any prerequisites for this item?</param>
            <returns>The item added to the pool</returns>
        </member>
        <member name="M:Gungeon.Utilities.LootTableBuilder.PoolItem(WeightedGameObject)">
            <summary>
            Pool <see cref="T:WeightedGameObject"/>
            </summary>
            <param name="pickup"></param>
            <returns></returns>
        </member>
        <member name="M:Gungeon.Utilities.LootTableBuilder.PoolItem(PickupObject,System.Single,DungeonPrerequisite[])">
            <summary>
            Pool <see cref="T:PickupObject"/>
            </summary>
            <param name="pickup"></param>
            <param name="weight"></param>
            <param name="prerequisites"></param>
            <returns></returns>
        </member>
        <member name="M:Gungeon.Utilities.LootTableBuilder.UnpoolItem(WeightedGameObject)">
            <summary>
            Remove a <see cref="T:WeightedGameObject"/> from your loot table
            </summary>
            <param name="weighted">Pooled Item</param>
        </member>
        <member name="M:Gungeon.Utilities.LootTableBuilder.ToWeighted(PickupObject,System.Single,DungeonPrerequisite[])">
            <summary>
            Change a <see cref="T:PickupObject"/> to a <seealso cref="T:WeightedGameObject"/>
            </summary>
            <param name="pickup"></param>
            <param name="weight"></param>
            <param name="prerequisites"></param>
            <returns></returns>
        </member>
        <member name="P:Gungeon.Utilities.LootTableBuilder.FinalTable">
            <summary>
            A Table setup all for you!
            </summary>
        </member>
        <member name="M:Gungeon.Utilities.LootTableBuilder.op_Explicit(Gungeon.Utilities.LootTableBuilder)~GenericLootTable">
            <summary>
            Convert to builder
            </summary>
            <param name="builder"></param>
        </member>
        <member name="T:Gungeon.Utilities.ChestPrefabs">
            <summary>
            A collection of chest in game.
            </summary>
        </member>
        <member name="P:Gungeon.Utilities.ChestPrefabs.A_Chest">
            <summary>
            The 'A' Chest
            </summary>
        </member>
        <member name="P:Gungeon.Utilities.ChestPrefabs.B_Chest">
            <summary>
            The 'B' Chest
            </summary>
        </member>
        <member name="P:Gungeon.Utilities.ChestPrefabs.C_Chest">
            <summary>
            The 'C' Chest
            </summary>
        </member>
        <member name="P:Gungeon.Utilities.ChestPrefabs.D_Chest">
            <summary>
            The 'D' Chest
            </summary>
        </member>
        <member name="P:Gungeon.Utilities.ChestPrefabs.S_Chest">
            <summary>
            The 'S' Chest
            </summary>
        </member>
        <member name="P:Gungeon.Utilities.ChestPrefabs.Synergy_Chest">
            <summary>
            The 'Evil' Chest
            </summary>
        </member>
        <member name="P:Gungeon.Utilities.ChestPrefabs.Rainbow_Chest">
            <summary>
            The 'Rainbow' Chest
            </summary>
        </member>
        <member name="M:Gungeon.Utilities.ChestPrefabs.Quality(Chest)">
            <summary>
            The quality of the chest.
            </summary>
            <param name="chest"></param>
            <returns></returns>
        </member>
        <member name="M:Gungeon.Utilities.ChestPrefabs.Open(Chest,PlayerController)">
            <summary>
            Open a chest
            </summary>
            <param name="chest">Chest to open</param>
            <param name="player">Who opened this chest?</param>
        </member>
        <member name="T:Gungeon.Utilities.EnemyIDs">
            <summary>
            Every single Enemy GUID to spawn.
            </summary>
        </member>
        <member name="M:Gungeon.Utilities.EnemyIDs.Spawn(AIActor,Dungeonator.RoomHandler,System.Nullable{IntVector2},System.Nullable{Gungeon.Utilities.EnemyIDs.SpawnSettings})">
            <summary>
            Spawn an enemy by an existing prefab.
            </summary>
            <param name="actorPrefab"></param>
            <param name="room"></param>
            <param name="spawnPoint"></param>
            <param name="settings"></param>
            <returns></returns>
        </member>
        <member name="M:Gungeon.Utilities.EnemyIDs.Spawn(System.String,Dungeonator.RoomHandler,System.Nullable{IntVector2},System.Nullable{Gungeon.Utilities.EnemyIDs.SpawnSettings})">
            <summary>
            Spawn an enemy by guid
            </summary>
            <param name="guid">Enemy GUID</param>
            <param name="room">Source Room</param>
            <param name="spawnPoint">Point to spawn enemy.</param>
            <param name="settings">Spawn Settings.</param>
            <returns></returns>
        </member>
        <member name="M:Gungeon.Utilities.EnemyIDs.GetEnemy(System.String,System.Boolean)">
            <summary>
            Get an enemy by their guid or name
            </summary>
            <param name="guidOrName">GUID</param>
            <param name="name">Use <paramref name="guidOrName"/> as a name parameter</param>
            <returns></returns>
        </member>
        <member name="F:Gungeon.Utilities.EnemyIDs.FromNames">
            <summary>
            Get GUID from enemy names.
            </summary>
        </member>
        <member name="M:Gungeon.Utilities.EnemyIDs.GetEnemy">
            <summary>
            Random enemy.
            </summary>
            <returns></returns>
        </member>
        <member name="T:Gungeon.Utilities.EnemyIDs.SpawnSettings">
            <summary>
            Spawn settings for spawning an enemy.
            </summary>
        </member>
        <member name="F:Gungeon.Utilities.EnemyIDs.SpawnSettings.correctForWalls">
            <summary>
            Correct the spawn point for walls?
            </summary>
        </member>
        <member name="F:Gungeon.Utilities.EnemyIDs.SpawnSettings.spawnAnimation">
            <summary>
            How should the enemy spawn in?
            </summary>
        </member>
        <member name="F:Gungeon.Utilities.EnemyIDs.SpawnSettings.autoEngage">
            <summary>
            Should the enemy automatically engage the player?
            </summary>
        </member>
        <member name="P:Gungeon.Utilities.EnemyIDs.SpawnSettings.DefaultSettings">
            <summary>
            Default spawn settings.
            </summary>
        </member>
        <member name="T:Gungeon.Utilities.DatabaseIDs.ReadOnlyDictionary`2">
            <summary>
            A read only dictionary that can not be added to.
            </summary>
            <typeparam name="In"></typeparam>
            <typeparam name="Out"></typeparam>
        </member>
        <member name="M:Gungeon.Utilities.DatabaseIDs.ReadOnlyDictionary`2.#ctor(System.Collections.Generic.IEnumerable{System.Collections.Generic.KeyValuePair{`0,`1}})">
            <summary>
            Init from dictionary
            </summary>
            <param name="values"></param>
        </member>
        <member name="P:Gungeon.Utilities.DatabaseIDs.ReadOnlyDictionary`2.Item(`0)">
            <summary>
            Index through Dictionary
            </summary>
            <param name="index"></param>
            <returns></returns>
        </member>
        <member name="M:Gungeon.Utilities.DatabaseIDs.ReadOnlyDictionary`2.HasKey(`0)">
            <summary>
            Has key in dictionary?
            </summary>
            <param name="key"></param>
            <returns></returns>
        </member>
        <member name="M:Gungeon.Utilities.DatabaseIDs.ReadOnlyDictionary`2.HasValue(`1)">
            <summary>
            Has value in dictionary?
            </summary>
            <param name="value"></param>
            <returns></returns>
        </member>
        <member name="M:Gungeon.Utilities.DatabaseIDs.ReadOnlyDictionary`2.TryGetValue(`0,`1@)">
            <summary>
            Try to get value without throwing error.
            </summary>
            <param name="key"></param>
            <param name="value"></param>
            <returns></returns>
        </member>
        <member name="T:Gungeon.Utilities.CopyCat">
            <summary>
            Used for copying Fields and Properties from one type to another.
            </summary>
        </member>
        <member name="M:Gungeon.Utilities.CopyCat.Copy(System.Object,System.Object)">
            <summary>
            Copy a one object to another
            </summary>
            <param name="copyFrom"></param>
            <param name="copyTo"></param>
            <returns></returns>
        </member>
        <member name="M:Gungeon.Utilities.CopyCat.Copy``1(System.Object,System.Object[])">
            <summary>
            Create an instance of <typeparamref name="T"/>.
            </summary>
            <typeparam name="T"></typeparam>
            <param name="copyFrom"></param>
            <param name="constructorArgs"></param>
            <returns></returns>
        </member>
        <member name="T:Gungeon.Utilities.PickupIDs">
            <summary>
            All object ids 
            </summary>
        </member>
        <member name="P:Gungeon.Utilities.PickupIDs.AllObjects">
            <summary>
            Every object.
            </summary>
        </member>
        <member name="P:Gungeon.Utilities.PickupIDs.RandomGun">
            <summary>
            A completely random gun, every single time
            </summary>
        </member>
        <member name="P:Gungeon.Utilities.PickupIDs.RandomPassive">
            <summary>
            Get a random passive.
            </summary>
        </member>
        <member name="M:Gungeon.Utilities.PickupIDs.GetRandomPassiveOfQuality(System.Collections.Generic.List{System.Int32},PickupObject.ItemQuality[])">
            <summary>
            Get a random passive item of quality
            </summary>
            <param name="excludeIDs"></param>
            <param name="qualities"></param>
            <returns></returns>
        </member>
        <member name="M:Gungeon.Utilities.PickupIDs.GetRandomGunOfQuality(System.Collections.Generic.List{System.Int32},PickupObject.ItemQuality[])">
            <summary>
            Get a random gun of quality.
            </summary>
            <param name="excludeIDs">Ids to exclude</param>
            <param name="qualities">Gun qualities</param>
            <returns></returns>
        </member>
        <member name="M:Gungeon.Utilities.PickupIDs.GetItem(System.String,System.Boolean)">
            <summary>
            Get an item by name | <see cref="F:System.StringComparison.OrdinalIgnoreCase"/> is used.
            </summary>
            <param name="name">Item's name</param>
            <param name="byDisplayName">Use display name</param>
            <returns></returns>
        </member>
        <member name="M:Gungeon.Utilities.PickupIDs.GetItem(System.Int32)">
            <summary>
            Get an item via ID.
            </summary>
            <param name="id">Object ID</param>
            <returns></returns>
        </member>
        <member name="M:Gungeon.Utilities.PickupIDs.ToTable(PickupObject,PickupObject[])">
            <summary>
            Create a table from a singular <see cref="T:PickupObject"/> and add to the pool in one method.
            </summary>
            <param name="pool"></param>
            <param name="add"></param>
            <returns></returns>
        </member>
        <member name="M:Gungeon.Utilities.PickupIDs.GiveItem(System.Int32,PlayerController)">
            <summary>
            Give an item to a Player
            </summary>
            <param name="id">Item ID</param>
            <param name="player">Player to pickup item</param>
            <returns></returns>
            <remarks>Player defaults to the current player in game.</remarks>
        </member>
        <member name="M:Gungeon.Utilities.PickupIDs.GiveItem(PickupObject,PlayerController)">
            <summary>
            Give PickupObject to player.
            </summary>
            <param name="pick"></param>
            <param name="player"></param>
            <returns></returns>
        </member>
        <member name="M:Gungeon.Utilities.PickupIDs.GiveItem(System.String,System.Boolean,PlayerController)">
            <summary>
            Give an item to a player
            </summary>
            <param name="itemName">Name of item</param>
            <param name="useDisplayName">Use display name of item to get.</param>
            <param name="player">Player to pickup item.</param>
            <returns></returns>
            <remarks>Player defaults to the current player in game. 
            Read comments if any for spawn names of items.</remarks>
        </member>
        <member name="F:Gungeon.Utilities.PickupIDs.FromIDs">
            <summary>
            Get item names from id
            </summary>
        </member>
        <member name="F:Gungeon.Utilities.PickupIDs.FromNames">
            <summary>
            Get item ids from name
            </summary>
        </member>
        <member name="F:Gungeon.Utilities.PickupIDs.thirtyEight_special">
            <summary>
            Spawn name : 38_special
            </summary>
        </member>
        <member name="F:Gungeon.Utilities.PickupIDs.fifty_casing">
            <summary>
            Spawn name : 50_casing
            </summary>
        </member>
        <member name="F:Gungeon.Utilities.PickupIDs._1_bullets">
            <summary>
            Spawn name : +1_bullets
            </summary>
        </member>
        <member name="F:Gungeon.Utilities.PickupIDs.third_party_controller">
            <summary>
            Spawn name : 3rd_party_controller
            </summary>
        </member>
        <member name="F:Gungeon.Utilities.PickupIDs.mutation_neo_tech_yo">
            <summary>
            Spawn name : mutation+neo_tech_yo
            </summary>
        </member>
        <member name="F:Gungeon.Utilities.PickupIDs.rube_adyne_rubensteins_monster">
            <summary>
            Spawn name : rube_adyne+rubensteins_monster
            </summary>
        </member>
        <member name="F:Gungeon.Utilities.PickupIDs.ak47_island_forme">
            <summary>
            Spawn name : ak47+island_forme
            </summary>
        </member>
        <member name="F:Gungeon.Utilities.PickupIDs.heroine_wave_beam">
            <summary>
            Spawn name : heroine+wave_beam
            </summary>
        </member>
        <member name="F:Gungeon.Utilities.PickupIDs.heroine_ice_beam">
            <summary>
            Spawn name : heroine+ice_beam
            </summary>
        </member>
        <member name="F:Gungeon.Utilities.PickupIDs.heroine_plasma_beam">
            <summary>
            Spawn name : heroine+plasma_beam
            </summary>
        </member>
        <member name="F:Gungeon.Utilities.PickupIDs.heroine_hyber_beam">
            <summary>
            Spawn name : heroine+hyber_beam
            </summary>
        </member>
        <member name="F:Gungeon.Utilities.PickupIDs.casey_careful_iteration">
            <summary>
            Spawn name : casey+careful_iteration
            </summary>
        </member>
        <member name="F:Gungeon.Utilities.PickupIDs.megahand_quick_boomerang">
            <summary>
            Spawn name : megahand+quick_boomerang
            </summary>
        </member>
        <member name="F:Gungeon.Utilities.PickupIDs.megahand_time_stopper">
            <summary>
            Spawn name : megahand+time_stopper
            </summary>
        </member>
        <member name="F:Gungeon.Utilities.PickupIDs.megahand_metal_blade">
            <summary>
            Spawn name : megahand+metal_blade
            </summary>
        </member>
        <member name="F:Gungeon.Utilities.PickupIDs.megahand_leaf_shield">
            <summary>
            Spawn name : megahand+leaf_shield
            </summary>
        </member>
        <member name="F:Gungeon.Utilities.PickupIDs.megahand_atomic_fire">
            <summary>
            Spawn name : megahand+atomic_fire
            </summary>
        </member>
        <member name="F:Gungeon.Utilities.PickupIDs.megahand_bubble_lead">
            <summary>
            Spawn name : megahand+bubble_lead
            </summary>
        </member>
        <member name="F:Gungeon.Utilities.PickupIDs.megahand_air_shooter">
            <summary>
            Spawn name : megahand+air_shooter
            </summary>
        </member>
        <member name="F:Gungeon.Utilities.PickupIDs.megahand_crash_bomber">
            <summary>
            Spawn name : megahand+crash_bomber
            </summary>
        </member>
        <member name="F:Gungeon.Utilities.PickupIDs.gamma_ray_beta_ray">
            <summary>
            Spawn name : gamma_ray+beta_ray
            </summary>
        </member>
        <member name="F:Gungeon.Utilities.PickupIDs.elephant_gun_the_elephant_in_the_room">
            <summary>
            Spawn name : elephant_gun+the_elephant_in_the_room
            </summary>
        </member>
        <member name="F:Gungeon.Utilities.PickupIDs.machine_pistol_pistol_machine">
            <summary>
            Spawn name : machine_pistol+pistol_machine
            </summary>
        </member>
        <member name="F:Gungeon.Utilities.PickupIDs.pea_shooter_pea_cannon">
            <summary>
            Spawn name : pea_shooter+pea_cannon
            </summary>
        </member>
        <member name="F:Gungeon.Utilities.PickupIDs.dueling_pistol_dualing_pistol">
            <summary>
            Spawn name : dueling_pistol+dualing_pistol
            </summary>
        </member>
        <member name="F:Gungeon.Utilities.PickupIDs.laser_rifle_laser_light_show">
            <summary>
            Spawn name : laser_rifle+laser_light_show
            </summary>
        </member>
        <member name="F:Gungeon.Utilities.PickupIDs.dragunfire_kalibreath">
            <summary>
            Spawn name : dragunfire+kalibreath
            </summary>
        </member>
        <member name="F:Gungeon.Utilities.PickupIDs.blunderbuss_blunderbrace">
            <summary>
            Spawn name : blunderbuss+blunderbrace
            </summary>
        </member>
        <member name="F:Gungeon.Utilities.PickupIDs.snowballer_snowball_shotgun">
            <summary>
            Spawn name : snowballer+snowball_shotgun
            </summary>
        </member>
        <member name="F:Gungeon.Utilities.PickupIDs.excaliber_armored_corps">
            <summary>
            Spawn name : excaliber+armored_corps
            </summary>
        </member>
        <member name="F:Gungeon.Utilities.PickupIDs.thirtyEight_special_unknown">
            <summary>
            Spawn name : 38_special+unknown
            </summary>
        </member>
        <member name="F:Gungeon.Utilities.PickupIDs.plague_pistol_pandemic_pistol">
            <summary>
            Spawn name : plague_pistol+pandemic_pistol
            </summary>
        </member>
        <member name="F:Gungeon.Utilities.PickupIDs.thunderclap_alistairs_ladder">
            <summary>
            Spawn name : thunderclap+alistairs_ladder
            </summary>
        </member>
        <member name="F:Gungeon.Utilities.PickupIDs.m1_m1_multi_tool">
            <summary>
            Spawn name : m1+m1_multi_tool
            </summary>
        </member>
        <member name="F:Gungeon.Utilities.PickupIDs.thompson_future_gangster">
            <summary>
            Spawn name : thompson+future_gangster
            </summary>
        </member>
        <member name="F:Gungeon.Utilities.PickupIDs.corsair_black_flag">
            <summary>
            Spawn name : corsair+black_flag
            </summary>
        </member>
        <member name="F:Gungeon.Utilities.PickupIDs.crestfaller_five_oclock_somewhere">
            <summary>
            Spawn name : crestfaller+five_oclock_somewhere
            </summary>
        </member>
        <member name="F:Gungeon.Utilities.PickupIDs.banana_fruits_and_vegetables">
            <summary>
            Spawn name : banana+fruits_and_vegetables
            </summary>
        </member>
        <member name="F:Gungeon.Utilities.PickupIDs.abyssal_tentacle_kalibers_grip">
            <summary>
            Spawn name : abyssal_tentacle+kalibers_grip
            </summary>
        </member>
        <member name="F:Gungeon.Utilities.PickupIDs.klobbe_klobbering_time">
            <summary>
            Spawn name : klobbe+klobbering_time
            </summary>
        </member>
        <member name="F:Gungeon.Utilities.PickupIDs.molotov_launcher_special_reserve">
            <summary>
            Spawn name : molotov_launcher+special_reserve
            </summary>
        </member>
        <member name="F:Gungeon.Utilities.PickupIDs.nail_gun_nailed_it">
            <summary>
            Spawn name : nail_gun+nailed_it
            </summary>
        </member>
        <member name="F:Gungeon.Utilities.PickupIDs.gunbow_show_across_the_bow">
            <summary>
            Spawn name : gunbow+show_across_the_bow
            </summary>
        </member>
        <member name="F:Gungeon.Utilities.PickupIDs.big_iron_iron_slug">
            <summary>
            Spawn name : big_iron+iron_slug
            </summary>
        </member>
        <member name="F:Gungeon.Utilities.PickupIDs.hyper_light_blaster_hard_light">
            <summary>
            Spawn name : hyper_light_blaster+hard_light
            </summary>
        </member>
        <member name="F:Gungeon.Utilities.PickupIDs.alien_sidearm_chief_master">
            <summary>
            Spawn name : alien_sidearm+chief_master
            </summary>
        </member>
        <member name="F:Gungeon.Utilities.PickupIDs.shock_rifle_battery_powered">
            <summary>
            Spawn name : shock_rifle+battery_powered
            </summary>
        </member>
        <member name="F:Gungeon.Utilities.PickupIDs.flame_hand_maximize_spell">
            <summary>
            Spawn name : flame_hand+maximize_spell
            </summary>
        </member>
        <member name="F:Gungeon.Utilities.PickupIDs.hegemony_rifle_hegemony_special_forces">
            <summary>
            Spawn name : hegemony_rifle+hegemony_special_forces
            </summary>
        </member>
        <member name="F:Gungeon.Utilities.PickupIDs.cactus_cactus_flower">
            <summary>
            Spawn name : cactus+cactus_flower
            </summary>
        </member>
        <member name="F:Gungeon.Utilities.PickupIDs.luxin_cannon_noxin_cannon">
            <summary>
            Spawn name : luxin_cannon+noxin_cannon
            </summary>
        </member>
        <member name="F:Gungeon.Utilities.PickupIDs.face_melter_alternative_rock">
            <summary>
            Spawn name : face_melter+alternative_rock
            </summary>
        </member>
        <member name="F:Gungeon.Utilities.PickupIDs.bee_hive_apiary">
            <summary>
            Spawn name : bee_hive+apiary
            </summary>
        </member>
        <member name="F:Gungeon.Utilities.PickupIDs.trashcannon_recycling_bin">
            <summary>
            Spawn name : trashcannon+recycling_bin
            </summary>
        </member>
        <member name="F:Gungeon.Utilities.PickupIDs.flash_ray_savior_of_the_universe">
            <summary>
            Spawn name : flash_ray+savior_of_the_universe
            </summary>
        </member>
        <member name="F:Gungeon.Utilities.PickupIDs.flare_gun_firing_with_flair">
            <summary>
            Spawn name : flare_gun+firing_with_flair
            </summary>
        </member>
        <member name="F:Gungeon.Utilities.PickupIDs.vulcan_cannon_not_quite_as_mini">
            <summary>
            Spawn name : vulcan_cannon+not_quite_as_mini
            </summary>
        </member>
        <member name="F:Gungeon.Utilities.PickupIDs.helix_double_double_helix">
            <summary>
            Spawn name : helix+double_double_helix
            </summary>
        </member>
        <member name="F:Gungeon.Utilities.PickupIDs.barrel_like_shooting_fish">
            <summary>
            Spawn name : barrel+like_shooting_fish
            </summary>
        </member>
        <member name="F:Gungeon.Utilities.PickupIDs.freeze_ray_ice_cap">
            <summary>
            Spawn name : freeze_ray+ice_cap
            </summary>
        </member>
        <member name="F:Gungeon.Utilities.PickupIDs.light_gun_peripheral_vision">
            <summary>
            Spawn name : light_gun+peripheral_vision
            </summary>
        </member>
        <member name="F:Gungeon.Utilities.PickupIDs.raiden_coil_raiden">
            <summary>
            Spawn name : raiden_coil+raiden
            </summary>
        </member>
        <member name="F:Gungeon.Utilities.PickupIDs.moonscraper_double_moon_7">
            <summary>
            Spawn name : moonscraper+double_moon_7
            </summary>
        </member>
        <member name="F:Gungeon.Utilities.PickupIDs.laser_lotus_lotus_bloom">
            <summary>
            Spawn name : laser_lotus+lotus_bloom
            </summary>
        </member>
        <member name="F:Gungeon.Utilities.PickupIDs.h4mmer_hammer_and_nail">
            <summary>
            Spawn name : h4mmer+hammer_and_nail
            </summary>
        </member>
        <member name="F:Gungeon.Utilities.PickupIDs.awp_arctic_warfare">
            <summary>
            Spawn name : awp+arctic_warfare
            </summary>
        </member>
        <member name="F:Gungeon.Utilities.PickupIDs.bullet_bore_cerebral_bros">
            <summary>
            Spawn name : bullet_bore+cerebral_bros
            </summary>
        </member>
        <member name="F:Gungeon.Utilities.PickupIDs.polaris_square_brace">
            <summary>
            Spawn name : polaris+square_brace
            </summary>
        </member>
        <member name="F:Gungeon.Utilities.PickupIDs.lil_bomber_king_bomber">
            <summary>
            Spawn name : lil_bomber+king_bomber
            </summary>
        </member>
        <member name="F:Gungeon.Utilities.PickupIDs.proton_backpack_electron_pack">
            <summary>
            Spawn name : proton_backpack+electron_pack
            </summary>
        </member>
        <member name="F:Gungeon.Utilities.PickupIDs.jolter_heavy_jolt">
            <summary>
            Spawn name : jolter+heavy_jolt
            </summary>
        </member>
        <member name="F:Gungeon.Utilities.PickupIDs.pitchfork_pitch_perfect">
            <summary>
            Spawn name : pitchfork+pitch_perfect
            </summary>
        </member>
        <member name="F:Gungeon.Utilities.PickupIDs.com4nd0_commammo_belt">
            <summary>
            Spawn name : com4nd0+commammo_belt
            </summary>
        </member>
        <member name="F:Gungeon.Utilities.PickupIDs.hegemony_carbine_ruby_carbine">
            <summary>
            Spawn name : hegemony_carbine+ruby_carbine
            </summary>
        </member>
        <member name="F:Gungeon.Utilities.PickupIDs.tear_jerker_unknown">
            <summary>
            Spawn name : tear_jerker+unknown
            </summary>
        </member>
        <member name="F:Gungeon.Utilities.PickupIDs.akey47_akey_breaky">
            <summary>
            Spawn name : akey47+akey_breaky
            </summary>
        </member>
        <member name="F:Gungeon.Utilities.PickupIDs.phoenix_phoenix_up">
            <summary>
            Spawn name : phoenix+phoenix_up
            </summary>
        </member>
        <member name="F:Gungeon.Utilities.PickupIDs.betrayers_shield_betrayers_lies">
            <summary>
            Spawn name : betrayers_shield+betrayers_lies
            </summary>
        </member>
        <member name="F:Gungeon.Utilities.PickupIDs.lower_case_r_unknown">
            <summary>
            Spawn name : lower_case_r+unknown
            </summary>
        </member>
        <member name="F:Gungeon.Utilities.PickupIDs.gungeon_ant_great_queen_ant">
            <summary>
            Spawn name : gungeon_ant+great_queen_ant
            </summary>
        </member>
        <member name="F:Gungeon.Utilities.PickupIDs.buzzkill_not_so_sawed_off">
            <summary>
            Spawn name : buzzkill+not_so_sawed_off
            </summary>
        </member>
        <member name="F:Gungeon.Utilities.PickupIDs.tear_jerker_wrath_of_the_blam">
            <summary>
            Spawn name : tear_jerker+wrath_of_the_blam
            </summary>
        </member>
        <member name="F:Gungeon.Utilities.PickupIDs.alien_engine_contrail">
            <summary>
            Spawn name : alien_engine+contrail
            </summary>
        </member>
        <member name="F:Gungeon.Utilities.PickupIDs.rad_gun_kung_fu_hippie_rappin_surfer">
            <summary>
            Spawn name : rad_gun+kung_fu_hippie_rappin_surfer
            </summary>
        </member>
        <member name="F:Gungeon.Utilities.PickupIDs.origuni_parchmental">
            <summary>
            Spawn name : origuni+parchmental
            </summary>
        </member>
        <member name="F:Gungeon.Utilities.PickupIDs.ice_breaker_gunderlord">
            <summary>
            Spawn name : ice_breaker+gunderlord
            </summary>
        </member>
        <member name="F:Gungeon.Utilities.PickupIDs.high_dragunfire_unknown">
            <summary>
            Spawn name : high_dragunfire+unknown
            </summary>
        </member>
        <member name="F:Gungeon.Utilities.PickupIDs.shotbow_second_accident">
            <summary>
            Spawn name : shotbow+second_accident
            </summary>
        </member>
        <member name="F:Gungeon.Utilities.PickupIDs.dungeon_eagle_dont_hoot_the_messenger">
            <summary>
            Spawn name : dungeon_eagle+dont_hoot_the_messenger
            </summary>
        </member>
        <member name="F:Gungeon.Utilities.PickupIDs.magnum_unknown_synergy">
            <summary>
            Spawn name : magnum+unknown_synergy
            </summary>
        </member>
        <member name="F:Gungeon.Utilities.PickupIDs.smileys_revolver_unknown_synergy_1">
            <summary>
            Spawn name : smileys_revolver+unknown_synergy_1
            </summary>
        </member>
        <member name="F:Gungeon.Utilities.PickupIDs.smileys_revolver_unknown_synergy_2">
            <summary>
            Spawn name : smileys_revolver+unknown_synergy_2
            </summary>
        </member>
        <member name="F:Gungeon.Utilities.PickupIDs.smileys_revolver_unknown_synergy_3">
            <summary>
            Spawn name : smileys_revolver+unknown_synergy_3
            </summary>
        </member>
        <member name="F:Gungeon.Utilities.PickupIDs.shell_unknown_synergy_1">
            <summary>
            Spawn name : shell+unknown_synergy_1
            </summary>
        </member>
        <member name="F:Gungeon.Utilities.PickupIDs.shell_unknown_synergy_2">
            <summary>
            Spawn name : shell+unknown_synergy_2
            </summary>
        </member>
        <member name="F:Gungeon.Utilities.PickupIDs.shell_unknown_synergy_3">
            <summary>
            Spawn name : shell+unknown_synergy_3
            </summary>
        </member>
        <member name="F:Gungeon.Utilities.PickupIDs.shell_unknown_synergy_4">
            <summary>
            Spawn name : shell+unknown_synergy_4
            </summary>
        </member>
        <member name="F:Gungeon.Utilities.PickupIDs.shell_unknown_synergy_5">
            <summary>
            Spawn name : shell+unknown_synergy_5
            </summary>
        </member>
        <member name="F:Gungeon.Utilities.PickupIDs.regular_shotgun_unknown_synergy_1">
            <summary>
            Spawn name : regular_shotgun+unknown_synergy_1
            </summary>
        </member>
        <member name="F:Gungeon.Utilities.PickupIDs.unfinished_gun_unknown_synergy_2">
            <summary>
            Spawn name : unfinished_gun+unknown_synergy_2
            </summary>
        </member>
        <member name="F:Gungeon.Utilities.PickupIDs.unfinished_gun_unknown_synergy_3">
            <summary>
            Spawn name : unfinished_gun+unknown_synergy_3
            </summary>
        </member>
        <member name="F:Gungeon.Utilities.PickupIDs.the_exotic_unknown_synergy_1">
            <summary>
            Spawn name : the_exotic+unknown_synergy_1
            </summary>
        </member>
        <member name="F:Gungeon.Utilities.PickupIDs.glass_cannon_steel_skin">
            <summary>
            Spawn name : glass_cannon+steel_skin
            </summary>
        </member>
        <member name="T:Gungeon.Utilities.ImplicitStringCollection">
            <summary>
            <see cref="T:StringTableManager.StringCollection"/>
            </summary>
        </member>
        <member name="M:Gungeon.Utilities.ImplicitStringCollection.Count">
            <summary>
            
            </summary>
            <returns>1</returns>
        </member>
        <member name="M:Gungeon.Utilities.ImplicitStringCollection.AddString(System.String,System.Single)">
            <summary>
            Weight does not matter.
            </summary>
            <param name="value"></param>
            <param name="weight"></param>
        </member>
        <member name="M:Gungeon.Utilities.ImplicitStringCollection.GetCombinedString">
            <summary>
            Returns string value
            </summary>
            <returns></returns>
        </member>
        <member name="M:Gungeon.Utilities.ImplicitStringCollection.GetExactString(System.Int32)">
            <summary>
            Non-indexable
            </summary>
            <param name="index"></param>
            <returns></returns>
        </member>
        <member name="M:Gungeon.Utilities.ImplicitStringCollection.GetWeightedString">
            <summary>
            Non-weighted
            </summary>
            <returns></returns>
        </member>
        <member name="M:Gungeon.Utilities.ImplicitStringCollection.GetWeightedStringSequential(System.Int32@,System.Boolean@,System.Boolean)">
            <summary>
            Does nothing.
            </summary>
            <param name="lastIndex"></param>
            <param name="isLast"></param>
            <param name="repeatLast"></param>
            <returns></returns>
        </member>
        <member name="M:Gungeon.Utilities.ImplicitStringCollection.op_Implicit(System.String)~Gungeon.Utilities.ImplicitStringCollection">
            <summary>
            Implicit pass
            </summary>
            <param name="impl"></param>
        </member>
        <member name="T:Gungeon.Utilities.JournalUtilities">
            <summary>
            
            </summary>
        </member>
        <member name="M:Gungeon.Utilities.JournalUtilities.GetFullEntry(PickupObject)">
            <summary>
            Get key for full entry in ammonomicon
            </summary>
            <param name="entry"></param>
            <returns></returns>
        </member>
        <member name="M:Gungeon.Utilities.JournalUtilities.GetFullEntry(JournalEntry)">
            <summary>
            Get key for full entry in ammonomicon
            </summary>
            <param name="entry"></param>
            <returns></returns>
        </member>
        <member name="M:Gungeon.Utilities.JournalUtilities.GetFullEntry(EncounterTrackable)">
            <summary>
            Get key for full entry in ammonomicon
            </summary>
            <param name="entry"></param>
            <returns></returns>
        </member>
        <member name="M:Gungeon.Utilities.JournalUtilities.GetDisplayName(JournalEntry)">
            <summary>
            Get key for display name
            </summary>
            <param name="entry"></param>
            <returns></returns>
        </member>
        <member name="M:Gungeon.Utilities.JournalUtilities.GetDisplayName(EncounterTrackable)">
            <summary>
            Get key for display name
            </summary>
            <param name="entry"></param>
            <returns></returns>
        </member>
        <member name="M:Gungeon.Utilities.JournalUtilities.GetDisplayName(PickupObject)">
            <summary>
            Get key for display name
            </summary>
            <param name="entry"></param>
            <returns></returns>
        </member>
        <member name="M:Gungeon.Utilities.JournalUtilities.GetNotificationName(JournalEntry)">
            <summary>
            Get key for notification display name
            </summary>
            <param name="entry"></param>
            <returns></returns>
        </member>
        <member name="M:Gungeon.Utilities.JournalUtilities.GetNotificationName(EncounterTrackable)">
            <summary>
            Get key for notification display name
            </summary>
            <param name="entry"></param>
            <returns></returns>
        </member>
        <member name="M:Gungeon.Utilities.JournalUtilities.GetNotificationName(PickupObject)">
            <summary>
            Get key for notification display name
            </summary>
            <param name="entry"></param>
            <returns></returns>
        </member>
        <member name="M:Gungeon.Utilities.JournalUtilities.GetSprite(JournalEntry)">
            <summary>
            Get key for sprite
            </summary>
            <param name="entry"></param>
            <returns></returns>
        </member>
        <member name="M:Gungeon.Utilities.JournalUtilities.GetSprite(EncounterTrackable)">
            <summary>
            Get key for sprite
            </summary>
            <param name="entry"></param>
            <returns></returns>
        </member>
        <member name="M:Gungeon.Utilities.JournalUtilities.GetSprite(PickupObject)">
            <summary>
            Get key for sprite
            </summary>
            <param name="entry"></param>
            <returns></returns>
        </member>
        <member name="M:Gungeon.Utilities.JournalUtilities.SetDisplayName(JournalEntry,System.String)">
            <summary>
            Set the display name of a <see cref="T:JournalEntry"/> in the ammonomicon
            </summary>
            <param name="entry"></param>
            <param name="display"></param>
        </member>
        <member name="M:Gungeon.Utilities.JournalUtilities.SetDisplayName(EncounterTrackable,System.String)">
            <summary>
            Set the display name of a <see cref="T:JournalEntry"/> in the ammonomicon
            </summary>
            <param name="entry"></param>
            <param name="display"></param>
        </member>
        <member name="M:Gungeon.Utilities.JournalUtilities.SetDisplayName(PickupObject,System.String)">
            <summary>
            Set the display name of a <see cref="T:JournalEntry"/> in the ammonomicon
            </summary>
            <param name="entry"></param>
            <param name="display"></param>
        </member>
        <member name="M:Gungeon.Utilities.JournalUtilities.SetEntry(JournalEntry,System.String)">
            <summary>
            Set the full entry of a <see cref="T:JournalEntry"/> in the ammonomicon
            </summary>
            <param name="entry"></param>
            <param name="display"></param>
        </member>
        <member name="M:Gungeon.Utilities.JournalUtilities.SetEntry(EncounterTrackable,System.String)">
            <summary>
            Set the full entry of a <see cref="T:JournalEntry"/> in the ammonomicon
            </summary>
            <param name="entry"></param>
            <param name="display"></param>
        </member>
        <member name="M:Gungeon.Utilities.JournalUtilities.SetEntry(PickupObject,System.String)">
            <summary>
            Set the full entry of a <see cref="T:JournalEntry"/> in the ammonomicon
            </summary>
            <param name="entry"></param>
            <param name="display"></param>
        </member>
        <member name="M:Gungeon.Utilities.JournalUtilities.SetNotificationName(JournalEntry,System.String)">
            <summary>
            Set the notification display name.
            </summary>
            <param name="entry"></param>
            <param name="name"></param>
        </member>
        <member name="M:Gungeon.Utilities.JournalUtilities.SetNotificationName(EncounterTrackable,System.String)">
            <summary>
            Set the notification display name.
            </summary>
            <param name="entry"></param>
            <param name="name"></param>
        </member>
        <member name="M:Gungeon.Utilities.JournalUtilities.SetNotificationName(PickupObject,System.String)">
            <summary>
            Set the notification display name.
            </summary>
            <param name="entry"></param>
            <param name="name"></param>
        </member>
        <member name="M:Gungeon.Utilities.JournalUtilities.SetSprite(JournalEntry,System.String)">
            <summary>
            Set the sprite of the ammonomicon
            </summary>
            <param name="entry"></param>
            <param name="resource"></param>
        </member>
        <member name="M:Gungeon.Utilities.JournalUtilities.SetSprite(EncounterTrackable,System.String)">
            <summary>
            Set the sprite of the ammonomicon
            </summary>
            <param name="entry"></param>
            <param name="resource"></param>
        </member>
        <member name="M:Gungeon.Utilities.JournalUtilities.SetSprite(PickupObject,System.String)">
            <summary>
            Set the sprite of the ammonomicon
            </summary>
            <param name="entry"></param>
            <param name="resource"></param>
        </member>
        <member name="M:Gungeon.Utilities.JournalUtilities.GetTable(Gungeon.Utilities.Table)">
            <summary>
            Get table
            </summary>
            <param name="table"></param>
            <returns></returns>
        </member>
        <member name="M:Gungeon.Utilities.JournalUtilities.AddTo(Gungeon.Utilities.Table,System.String,System.String)">
            <summary>
            Add a value to a table, for later use.
            </summary>
            <param name="table">Table to add to</param>
            <param name="key">Key value</param>
            <param name="value">Value</param>
        </member>
        <member name="M:Gungeon.Utilities.JournalUtilities.SetItem(System.String,System.String)">
            <summary>
            Change an item's value from the key. The table is automatically determined via the key provided.
            </summary>
            <param name="key"></param>
            <param name="value"></param>
        </member>
        <member name="M:Gungeon.Utilities.JournalUtilities.GetItem(System.String)">
            <summary>
            Get an item from a table.
            </summary>
            <param name="key"></param>
            <returns></returns>
        </member>
        <member name="T:Gungeon.Utilities.Table">
            <summary>
            A table with <see cref="T:StringTableManager.StringCollection"/>
            </summary>
        </member>
        <member name="F:Gungeon.Utilities.Table.Core">
            <summary>
            Core table
            </summary>
        </member>
        <member name="F:Gungeon.Utilities.Table.Item">
            <summary>
            Item table
            </summary>
        </member>
        <member name="F:Gungeon.Utilities.Table.Intro">
            <summary>
            Intro table
            </summary>
        </member>
        <member name="F:Gungeon.Utilities.Table.Enemy">
            <summary>
            Enemy table
            </summary>
        </member>
        <member name="T:Gungeon.Utilities.Method">
            <summary>
            Represents a reflected method
            </summary>
        </member>
        <member name="P:Gungeon.Utilities.Method.Owner">
            <summary>
            The type this method belongs to
            </summary>
        </member>
        <member name="P:Gungeon.Utilities.Method.Name">
            <summary>
            The name of the method you are reflecting
            </summary>
        </member>
        <member name="P:Gungeon.Utilities.Method.Arguments">
            <summary>
            The Type[] arguments for a specific method.
            </summary>
        </member>
        <member name="M:Gungeon.Utilities.Method.#ctor(System.Type,System.String,System.Type[],System.Object)">
            <exception cref="T:System.ArgumentNullException"/>
            <exception cref="T:System.Exception"/>
        </member>
        <member name="M:Gungeon.Utilities.Method.Invoke(System.Object[])">
            <summary>
            Invoke the method
            </summary>
            <param name="args"></param>
            <returns></returns>
        </member>
        <member name="P:Gungeon.Utilities.Method.Item(System.Object[])">
            <summary>
            <see cref="M:Gungeon.Utilities.Method.Invoke(System.Object[])"/>
            </summary>
            <param name="index"></param>
            <returns></returns>
            <value>Return type of the invoked method.</value>
        </member>
        <member name="T:Gungeon.Utilities.ModUtilities">
            <summary>
            Utilities to help with your mod.
            </summary>
        </member>
        <member name="M:Gungeon.Utilities.ModUtilities.LoadAssetArray``1(System.String,System.String[])">
            <summary>
            Load plenty of assets in one go
            </summary>
            <typeparam name="T"><see cref="T:UnityEngine.Object"/></typeparam>
            <param name="assetPath">The path to the asset</param>
            <param name="assetNames">The asset names, can be empty. Uses all asset names</param>
            <returns>An array of Assets</returns>
        </member>
        <member name="M:Gungeon.Utilities.ModUtilities.LoadAsset``1(System.String,System.String)">
            <summary>
            Load a single Asset
            </summary>
            <typeparam name="T"><see cref="T:UnityEngine.Object"/></typeparam>
            <param name="assetPath">The path to the asset</param>
            <param name="assetName">The asset name, can be null. Uses the first asset</param>
            <returns></returns>
        </member>
        <member name="M:Gungeon.Utilities.ModUtilities.LoadAudio(System.String)">
            <summary>
            Load an audio clip from a file. .MP3/.MP2/.OGG/.WAV supported.
            </summary>
            <param name="file"></param>
            <returns></returns>
        </member>
        <member name="M:Gungeon.Utilities.ModUtilities.LoadTexture(System.String,System.Int32,System.Int32)">
            <summary>
            Load either a .jpg or .png
            </summary>
            <param name="file">JPG OR PNG</param>
            <param name="width">Def. 500</param>
            <param name="height">Def. 500</param>
            <returns></returns>
        </member>
        <member name="M:Gungeon.Utilities.ModUtilities.ToSprite(UnityEngine.Texture2D,UnityEngine.Vector2,UnityEngine.Vector2)">
            <summary>
            Convert a <see cref="T:UnityEngine.Texture2D"/> to a <seealso cref="T:UnityEngine.Sprite"/>
            </summary>
            <param name="texture">A loaded texture</param>
            <param name="pos">The position of the sprite.</param>
            <param name="pivot">Sprite's pivot point relative position and size | <seealso cref="T:UnityEngine.Rect"/></param>
            <returns></returns>
        </member>
        <member name="M:Gungeon.Utilities.ModUtilities.Convert(UnityEngine.Vector2)">
            <summary>
            Rounds x and y from your vector into ints then converts to <see cref="T:IntVector2"/>
            </summary>
            <param name="from">Vector</param>
            <returns></returns>
        </member>
        <member name="M:Gungeon.Utilities.ModUtilities.Convert(UnityEngine.Vector3)">
            <summary>
            Convert from <see cref="T:UnityEngine.Vector3"/> to <seealso cref="T:IntVector2"/>
            </summary>
            <param name="from"></param>
            <returns></returns>
        </member>
        <member name="M:Gungeon.Utilities.ModUtilities.CreateChest(Chest,IntVector2,Dungeonator.RoomHandler,System.Boolean,System.Boolean,GenericLootTable[])">
            <summary>
            Create a chest at a position.
            </summary>
            <param name="prefab"><see cref="T:Gungeon.Utilities.ChestPrefabs"/></param>
            <param name="vec">Position at which to spawn the chest, <see cref="M:Gungeon.Utilities.ModUtilities.Convert(UnityEngine.Vector2)"/></param>
            <param name="target">Can be left null, target room to spawn chest</param>
            <param name="forceMimicChest">Force this chest to be a mimic?</param>
            <param name="lootTables">Loot tables to include.</param>
            <param name="includeThisTable">Include the base loot table with the chest?</param>
            <returns></returns>
        </member>
        <member name="M:Gungeon.Utilities.ModUtilities.SpawnCurrency(UnityEngine.Vector2,System.Int32)">
            <summary>
            Spawn currency at a position
            </summary>
            <param name="position">Position to spawn currency</param>
            <param name="amount">Amount of money</param>
        </member>
        <member name="M:Gungeon.Utilities.ModUtilities.SpawnHearts(UnityEngine.Vector2,System.Int32)">
            <summary>
            Spawn a heart at a position
            </summary>
            <param name="position">Position to spawn hearts</param>
            <param name="halfHearts">For every 2 a full heart is created</param>
        </member>
        <member name="M:Gungeon.Utilities.ModUtilities.SpawnItem(UnityEngine.GameObject,UnityEngine.Vector3,System.Nullable{UnityEngine.Vector2},System.Single,System.Boolean,System.Boolean,System.Boolean,System.Boolean)">
            <summary>
            Spawn an Item, uses <see cref="T:LootEngine"/> internal spawning method.
            </summary>
            <param name="toSpawn">Obj to spawn</param>
            <param name="spawnPos">Where to spawn</param>
            <param name="spawnDir">The direction to spawn, default of <seealso cref="P:UnityEngine.Vector2.up"/></param>
            <param name="force">Force</param>
            <param name="invalidTillHitGround">Invalid till object hits ground?</param>
            <param name="doDefaultItemPoof">Poof?</param>
            <param name="disablePostProcessing">Disable post processing?</param>
            <param name="disableHeightBoost">Disable height boost?</param>
        </member>
        <member name="M:Gungeon.Utilities.ModUtilities.Reload(Gun,System.Boolean,System.Boolean,System.Boolean)">
            <summary>
            Reload a gun
            </summary>
            <param name="gun">Gun to reload</param>
            <param name="isActiveGun">Is the gun active?</param>
            <param name="silent">Silent reload?</param>
            <param name="immediate">Immediately reload gun?</param>
        </member>
        <member name="P:Gungeon.Utilities.ModUtilities.IsInGungeon">
            <summary>
            Is the player in a Gungeon?
            </summary>
        </member>
        <member name="M:Gungeon.Utilities.ModUtilities.ChangeStat(PlayerController,PlayerStats.StatType,Gungeon.Utilities.StatChange,System.Single)">
            <summary>
            Changes a base stat, uses <see cref="T:PlayerStats.StatType"/> and <seealso cref="T:Gungeon.Utilities.StatChange"/> to calculate change in stats value
            </summary>
            <param name="player">The player's stats you want to change</param>
            <param name="statType">The type of stat you want to change</param>
            <param name="stat">The stat change effect</param>
            <param name="value">The value to apply to your <paramref name="stat"/></param>
        </member>
        <member name="P:Gungeon.Utilities.ModUtilities.AllPlayers">
            <summary>
            All player's playing.
            </summary>
        </member>
        <member name="P:Gungeon.Utilities.ModUtilities.CurrentPlayer">
            <summary>
            The current player, most active.
            </summary>
        </member>
        <member name="P:Gungeon.Utilities.ModUtilities.SecondaryPlayer">
            <summary>
            The secondary player.
            </summary>
        </member>
        <member name="P:Gungeon.Utilities.ModUtilities.MostActivePlayer">
            <summary>
            The most active player
            </summary>
        </member>
        <member name="M:Gungeon.Utilities.ModUtilities.SameItem(PickupObject,PickupObject)">
            <summary>
            Checks IDs of 2 items.
            </summary>
            <param name="check"></param>
            <param name="obj"></param>
            <returns></returns>
        </member>
        <member name="T:Gungeon.Utilities.CodeExtensions">
            <summary>
            Extensions for <see cref="T:Gungeon.Utilities.Method"/> and <seealso cref="T:Gungeon.Utilities.Variable"/>
            </summary>
        </member>
        <member name="M:Gungeon.Utilities.CodeExtensions.Inherits(System.Type,System.Type)">
            <summary>
            A recursive method that checks all base types of <paramref name="child"/> and compares to <paramref name="baseType"/>
            </summary>
            <param name="child"></param>
            <param name="baseType"></param>
            <returns></returns>
        </member>
        <member name="M:Gungeon.Utilities.CodeExtensions.Words(System.String,System.Char[])">
            <summary>
            Get all words from a string, uses ' ' as base separator
            </summary>
            <param name="a"></param>
            <param name="seps"></param>
            <returns></returns>
        </member>
        <member name="M:Gungeon.Utilities.CodeExtensions.GetMethod(System.Object,System.String,System.Type[])">
            <summary>
            Reflect a method; Public, Internal, and or Private.
            </summary>
            <param name="instance">An instance of an object, used for type and invoking.</param>
            <param name="name">Name</param>
            <param name="typeArgs">Arguments in types</param>
            <returns></returns>
        </member>
        <member name="M:Gungeon.Utilities.CodeExtensions.Random``1(System.Collections.Generic.IEnumerable{``0},System.Func{``0,System.Boolean})">
            <summary>
            Get a random item from any IEnumerable item.
            </summary>
            <typeparam name="T"></typeparam>
            <param name="ts"></param>
            <param name="requirements"></param>
            <returns></returns>
        </member>
        <member name="M:Gungeon.Utilities.CodeExtensions.Len(System.Array)">
            <summary>
            Get the access length of an array.
            </summary>
            <param name="ar"></param>
            <returns></returns>
        </member>
        <member name="M:Gungeon.Utilities.CodeExtensions.HasInterface(System.Type,System.Type)">
            <summary>
            Check if a type inherits an interface
            </summary>
            <param name="type"></param>
            <param name="inter"></param>
            <returns></returns>
        </member>
        <member name="M:Gungeon.Utilities.CodeExtensions.HasInterface``1(System.Type)">
            <summary>
            Check if a type inherits an interface
            </summary>
            <typeparam name="T"></typeparam>
            <param name="type"></param>
            <returns></returns>
        </member>
        <member name="M:Gungeon.Utilities.CodeExtensions.GetStaticMethod(System.Type,System.String,System.Type[])">
            <summary>
            Reflect a static method; Public, Internal, and or Private.
            </summary>
            <param name="owner">Owner type</param>
            <param name="name">Name</param>
            <param name="typeArgs">Arguments in types</param>
            <returns></returns>
        </member>
        <member name="M:Gungeon.Utilities.CodeExtensions.GetVariable(System.Object,System.String)">
            <summary>
            Get a field or property by name
            </summary>
            <param name="instance">Object instance</param>
            <param name="name">Name of field or property</param>
            <returns></returns>
        </member>
        <member name="M:Gungeon.Utilities.CodeExtensions.GetStaticVariable(System.Type,System.String)">
            <summary>
            Get a static field or property by name
            </summary>
            <param name="owner">Static field or property owner</param>
            <param name="name">Name of field or property</param>
            <returns></returns>
        </member>
        <member name="M:Gungeon.Utilities.CodeExtensions.TryParse(System.Type,System.String,System.Boolean,System.Object@)">
            <summary>
            Try parse string to enum
            </summary>
            <param name="etype">ONLY ENUMS</param>
            <param name="parse">String to parse</param>
            <param name="ignoreCase">Ignore Enum casing rules?</param>
            <param name="parsed">Final parsed enum.</param>
            <returns></returns>
        </member>
        <member name="M:Gungeon.Utilities.CodeExtensions.TryParse``1(System.String,System.Boolean,``0@)">
            <summary>
            Try and parse an enum by string.
            </summary>
            <typeparam name="T"></typeparam>
            <param name="parse">String to parse</param>
            <param name="ignoreCase">Ignore Enum casing rules?</param>
            <param name="parsed">Final parsed enum.</param>
            <returns></returns>
        </member>
        <member name="M:Gungeon.Utilities.CodeExtensions.ToList``1(System.Collections.Generic.IEnumerable{``0})">
            <summary>
            Transform any <see cref="T:System.Collections.Generic.IEnumerable`1"/> into a <seealso cref="T:System.Collections.Generic.List`1"/>
            </summary>
            <typeparam name="T"></typeparam>
            <param name="instance"></param>
            <returns></returns>
        </member>
        <member name="T:Gungeon.Utilities.StatChange">
            <summary>
            Used when changing stats.
            </summary>
        </member>
        <member name="F:Gungeon.Utilities.StatChange.Add">
            <summary>
            Add to an existing stat
            </summary>
        </member>
        <member name="F:Gungeon.Utilities.StatChange.Mult">
            <summary>
            Multiply an existing stat
            </summary>
        </member>
        <member name="F:Gungeon.Utilities.StatChange.Sub">
            <summary>
            Subtract from an existing
            </summary>
        </member>
        <member name="F:Gungeon.Utilities.StatChange.Div">
            <summary>
            Divide an existing stat
            </summary>
        </member>
        <member name="F:Gungeon.Utilities.StatChange.Total">
            <summary>
            Change the total of the stat
            </summary>
        </member>
        <member name="T:Gungeon.Utilities.Variable">
            <summary>
            Reflection that covers both fields and properties.
            </summary>
        </member>
        <member name="P:Gungeon.Utilities.Variable.Name">
            <summary>
            Name of the variable
            </summary>
        </member>
        <member name="P:Gungeon.Utilities.Variable.Owner">
            <summary>
            Owner type
            </summary>
        </member>
        <member name="P:Gungeon.Utilities.Variable.IsField">
            <summary>
            Is this variable a field?
            </summary>
        </member>
        <member name="P:Gungeon.Utilities.Variable.IsProperty">
            <summary>
            Is this variable a property?
            </summary>
        </member>
        <member name="M:Gungeon.Utilities.Variable.#ctor(System.Object,System.Type,System.String)">
            <exception cref="T:System.Exception"/>
            <exception cref="T:System.ArgumentNullException"/>
        </member>
        <member name="M:Gungeon.Utilities.Variable.GetValue">
            <summary>
            Get the value of a field or property
            </summary>
            <returns></returns>
        </member>
        <member name="M:Gungeon.Utilities.Variable.GetValue``1">
            <summary>
            Get a T type of your <see cref="M:Gungeon.Utilities.Variable.GetValue"/>
            </summary>
            <typeparam name="T">Return type of your field or property</typeparam>
            <returns></returns>
        </member>
        <member name="M:Gungeon.Utilities.Variable.SetValue(System.Object)">
            <summary>
            Set the value of your field or property
            </summary>
            <param name="newVal"></param>
            <exception cref="T:System.Exception"/>
        </member>
    </members>
</doc>
